Class,ecosystem,finest_taxon,fa,mean_concentration
Aves,Terrestrial,Acrocephalus,ala,2.5
Aves,Terrestrial,Acrocephalus,dha,19
Aves,Terrestrial,Acrocephalus,epa,1.1
Aves,Terrestrial,Ardea,ala,2.7
Aves,Terrestrial,Ardea,dha,2.8
Aves,Terrestrial,Ardea,epa,3.3
Aves,Terrestrial,Charadrius,ala,4.5
Aves,Terrestrial,Charadrius,dha,2
Aves,Terrestrial,Charadrius,epa,2.8
Aves,Terrestrial,Columba,ala,0.4
Aves,Terrestrial,Columba,dha,1.5
Aves,Terrestrial,Columba,epa,0.4
Aves,Terrestrial,Emeriza schoeniclus,ala,0.9
Aves,Terrestrial,Emeriza schoeniclus,dha,18
Aves,Terrestrial,Emeriza schoeniclus,epa,0.5
Aves,Terrestrial,Hirundo,ala,2.9
Aves,Terrestrial,Hirundo,dha,8.8
Aves,Terrestrial,Hirundo,epa,1.1
Aves,Terrestrial,Larus,ala,2.1
Aves,Terrestrial,Larus,dha,2.9
Aves,Terrestrial,Larus,epa,3.8
Aves,Terrestrial,Motacilla,ala,2.9
Aves,Terrestrial,Motacilla,dha,13
Aves,Terrestrial,Motacilla,epa,2.15
Aves,Terrestrial,Passer,ala,1.3
Aves,Terrestrial,Passer,dha,17.3
Aves,Terrestrial,Passer,epa,0.3
Aves,Terrestrial,Phalaropus,ala,2.9
Aves,Terrestrial,Phalaropus,dha,0.7
Aves,Terrestrial,Phalaropus,epa,7.8
Aves,Terrestrial,Podiceps,ala,3.7
Aves,Terrestrial,Podiceps,dha,1
Aves,Terrestrial,Podiceps,epa,6
Aves,Terrestrial,Recurvirostra,ala,1.8
Aves,Terrestrial,Recurvirostra,dha,1.1
Aves,Terrestrial,Recurvirostra,epa,8.7
Aves,Terrestrial,Sayornis,ala,5.46
Aves,Terrestrial,Sayornis,dha,3.7649999999999997
Aves,Terrestrial,Sayornis,epa,1.41
Aves,Terrestrial,Sterna,ala,2.8
Aves,Terrestrial,Sterna,dha,3.7
Aves,Terrestrial,Sterna,epa,2.4
Aves,Terrestrial,Streptopelia,ala,14.8
Aves,Terrestrial,Streptopelia,dha,2.1
Aves,Terrestrial,Streptopelia,epa,2.5
Aves,Terrestrial,Sturnus,ala,2
Aves,Terrestrial,Sturnus,dha,9.4
Aves,Terrestrial,Sturnus,epa,1.6
Aves,Terrestrial,Tachycineta,ala,1.8150000000000002
Aves,Terrestrial,Tachycineta,dha,8.02
Aves,Terrestrial,Tachycineta,epa,1.245
Aves,Terrestrial,Tadorna,ala,1.4
Aves,Terrestrial,Tadorna,dha,1.9
Aves,Terrestrial,Tadorna,epa,11.6
Aves,Terrestrial,Tringa,ala,2.5
Aves,Terrestrial,Tringa,dha,1.6
Aves,Terrestrial,Tringa,epa,4.1
Mammalia,Marine,Arctocephalus,ala,0.8674999999999999
Mammalia,Marine,Arctocephalus,dha,14.366666666666667
Mammalia,Marine,Arctocephalus,epa,5.983333333333333
Mammalia,Marine,Balaena,ala,0.3215
Mammalia,Marine,Balaena,dha,4.2065
Mammalia,Marine,Balaena,epa,7.1611666666666665
Mammalia,Marine,Balaenoptera,ala,0.6538999999999999
Mammalia,Marine,Balaenoptera,dha,5.700255555555556
Mammalia,Marine,Balaenoptera,epa,2.8210111111111114
Mammalia,Marine,Cystophora,ala,0.28
Mammalia,Marine,Cystophora,dha,7.425
Mammalia,Marine,Cystophora,epa,5.155
Mammalia,Marine,Delphinapterus,ala,0.31428571428571433
Mammalia,Marine,Delphinapterus,dha,3.9647619047619047
Mammalia,Marine,Delphinapterus,epa,3.430952380952381
Mammalia,Marine,Delphinus,ala,0.5533333333333333
Mammalia,Marine,Delphinus,dha,7.506666666666665
Mammalia,Marine,Delphinus,epa,2.6133333333333333
Mammalia,Marine,Erignathus,ala,0.36333333333333334
Mammalia,Marine,Erignathus,dha,11.008333333333333
Mammalia,Marine,Erignathus,epa,9.183333333333334
Mammalia,Marine,Eumetopias,ala,0.5655555555555556
Mammalia,Marine,Eumetopias,dha,8.74222222222222
Mammalia,Marine,Eumetopias,epa,4.677777777777777
Mammalia,Marine,Halichoerus,ala,1.0456190476190477
Mammalia,Marine,Halichoerus,dha,9.177142857142858
Mammalia,Marine,Halichoerus,epa,4.489714285714285
Mammalia,Marine,Lagenorhynchus,ala,0.45499999999999996
Mammalia,Marine,Lagenorhynchus,dha,8.55
Mammalia,Marine,Lagenorhynchus,epa,3.45
Mammalia,Marine,Megaptera,ala,0.45
Mammalia,Marine,Megaptera,dha,5.45
Mammalia,Marine,Megaptera,epa,6.4
Mammalia,Marine,Mirounga,ala,0.23
Mammalia,Marine,Mirounga,dha,5.2162500000000005
Mammalia,Marine,Mirounga,epa,2.36875
Mammalia,Marine,Monodon,ala,0.25
Mammalia,Marine,Monodon,dha,2.1
Mammalia,Marine,Monodon,epa,2.06
Mammalia,Marine,Odobenus,ala,0.5281481481481481
Mammalia,Marine,Odobenus,dha,5.980740740740741
Mammalia,Marine,Odobenus,epa,8.683333333333334
Mammalia,Marine,Pagophilus,ala,0.115
Mammalia,Marine,Pagophilus,dha,6.333333333333334
Mammalia,Marine,Pagophilus,epa,6.678333333333333
Mammalia,Marine,Phoca,ala,0.9879047619047618
Mammalia,Marine,Phoca,dha,11.226380952380952
Mammalia,Marine,Phoca,epa,6.925357142857143
Mammalia,Marine,Phocarctos,ala,0.8366666666666666
Mammalia,Marine,Phocarctos,dha,7.876666666666668
Mammalia,Marine,Phocarctos,epa,2.7983333333333333
Mammalia,Marine,Phocoena,ala,0.6637500000000001
Mammalia,Marine,Phocoena,dha,3.68875
Mammalia,Marine,Phocoena,epa,2.6687499999999997
Mammalia,Marine,Stenella,ala,0.23
Mammalia,Marine,Stenella,dha,6.52
Mammalia,Marine,Stenella,epa,5.64
Mammalia,Terrestrial,Alcephalus,ala,6
Mammalia,Terrestrial,Alcephalus,dha,3.2
Mammalia,Terrestrial,Antidorcas,ala,3.6616666666666666
Mammalia,Terrestrial,Antidorcas,dha,1.0833333333333333
Mammalia,Terrestrial,Antidorcas,epa,2.306666666666667
Mammalia,Terrestrial,Antilocapra,ala,3.47
Mammalia,Terrestrial,Antilocapra,dha,1.51
Mammalia,Terrestrial,Antilocapra,epa,2.19
Mammalia,Terrestrial,Bison,ala,0.6
Mammalia,Terrestrial,Bos,ala,0.9116666666666666
Mammalia,Terrestrial,Bos,dha,0.45
Mammalia,Terrestrial,Bos,epa,0.7375
Mammalia,Terrestrial,Bovidae,ala,2.145
Mammalia,Terrestrial,Bovidae,dha,0.16
Mammalia,Terrestrial,Bovidae,epa,0.845
Mammalia,Terrestrial,Camelus,ala,0.5
Mammalia,Terrestrial,Camelus,dha,0.1
Mammalia,Terrestrial,Camelus,epa,0.3
Mammalia,Terrestrial,Canis,ala,2.55
Mammalia,Terrestrial,Canis,dha,0.15
Mammalia,Terrestrial,Canis,epa,0.2
Mammalia,Terrestrial,Castor,ala,11.052999999999999
Mammalia,Terrestrial,Castor,dha,0.315
Mammalia,Terrestrial,Castor,epa,0.6041666666666666
Mammalia,Terrestrial,Cervidae,ala,2.13
Mammalia,Terrestrial,Cervidae,dha,0.11
Mammalia,Terrestrial,Cervidae,epa,1.44
Mammalia,Terrestrial,Cervus,ala,2.89
Mammalia,Terrestrial,Cervus,dha,0.56
Mammalia,Terrestrial,Cervus,epa,2.34
Mammalia,Terrestrial,Citellus,ala,0.6475
Mammalia,Terrestrial,Citellus,dha,2.125
Mammalia,Terrestrial,Damaliscus,ala,5
Mammalia,Terrestrial,Damaliscus,dha,4.2
Mammalia,Terrestrial,Eliomys,ala,2.2824999999999998
Mammalia,Terrestrial,Eliomys,dha,0.4675
Mammalia,Terrestrial,Eliomys,epa,0.5225
Mammalia,Terrestrial,Eutamias,ala,0.5433333333333333
Mammalia,Terrestrial,Eutamias,dha,0.14333333333333334
Mammalia,Terrestrial,Felis,ala,2.6
Mammalia,Terrestrial,Felis,dha,0
Mammalia,Terrestrial,Felis,epa,0
Mammalia,Terrestrial,Giraffa,ala,3.4
Mammalia,Terrestrial,Giraffa,dha,5
Mammalia,Terrestrial,Hippopotamus,ala,2.025
Mammalia,Terrestrial,Hydrochoerus,ala,2.7
Mammalia,Terrestrial,Lama,ala,0.8
Mammalia,Terrestrial,Lasiurus,ala,2.693966850501886
Mammalia,Terrestrial,Lasiurus,dha,17.97237522399213
Mammalia,Terrestrial,Lasiurus,epa,2.698233452022208
Mammalia,Terrestrial,Lepus,ala,5.9
Mammalia,Terrestrial,Lepus,dha,1.9
Mammalia,Terrestrial,Lepus,epa,5.449999999999999
Mammalia,Terrestrial,Loxodonta,ala,1.2875
Mammalia,Terrestrial,Lutra,ala,4.075
Mammalia,Terrestrial,Lutra,dha,3.9250000000000003
Mammalia,Terrestrial,Lutra,epa,1.025
Mammalia,Terrestrial,Marmota,ala,0.8275
Mammalia,Terrestrial,Marmota,dha,0.4675
Mammalia,Terrestrial,Martes,ala,4.2
Mammalia,Terrestrial,Martes,dha,0.42500000000000004
Mammalia,Terrestrial,Martes,epa,0.08
Mammalia,Terrestrial,Meles,ala,0.54
Mammalia,Terrestrial,Meles,dha,0.1
Mammalia,Terrestrial,Meles,epa,0.31
Mammalia,Terrestrial,Mustela,ala,3.6
Mammalia,Terrestrial,Mustela,dha,0.9666666666666667
Mammalia,Terrestrial,Mustela,epa,0
Mammalia,Terrestrial,Myocastor,ala,3.9
Mammalia,Terrestrial,Myocastor,dha,0.1
Mammalia,Terrestrial,Myotis,ala,3.875
Mammalia,Terrestrial,Neomys,ala,1.7
Mammalia,Terrestrial,Neomys,dha,25.1
Mammalia,Terrestrial,Neomys,epa,0.95
Mammalia,Terrestrial,Nyctalus,ala,2.59
Mammalia,Terrestrial,Nyctalus,dha,0.62
Mammalia,Terrestrial,Nyctereutes,ala,2.55
Mammalia,Terrestrial,Nyctereutes,dha,1.1
Mammalia,Terrestrial,Nyctereutes,epa,0.6
Mammalia,Terrestrial,Odocoileus,ala,3.344722222222222
Mammalia,Terrestrial,Odocoileus,dha,1.86
Mammalia,Terrestrial,Odocoileus,epa,1.855
Mammalia,Terrestrial,Ondatra,ala,14.045
Mammalia,Terrestrial,Ondatra,dha,1.05
Mammalia,Terrestrial,Ondatra,epa,0.13
Mammalia,Terrestrial,Ovibos,ala,2.9800000000000004
Mammalia,Terrestrial,Ovis,ala,2.1333333333333333
Mammalia,Terrestrial,Ovis,dha,0.3
Mammalia,Terrestrial,Ovis,epa,1.0333333333333334
Mammalia,Terrestrial,Phacochoerus,ala,5
Mammalia,Terrestrial,Phacochoerus,dha,0.6
Mammalia,Terrestrial,Phacochoerus,epa,2.2
Mammalia,Terrestrial,Rangifer,ala,0.730952380952381
Mammalia,Terrestrial,Rangifer,dha,0.2
Mammalia,Terrestrial,Rangifer,epa,0.11666666666666667
Mammalia,Terrestrial,Sciuridae,ala,0.75
Mammalia,Terrestrial,Sciuridae,epa,0.4
Mammalia,Terrestrial,Sorex,ala,1.25
Mammalia,Terrestrial,Sorex,dha,32
Mammalia,Terrestrial,Sorex,epa,0.9
Mammalia,Terrestrial,Syncerus,ala,2.9749999999999996
Mammalia,Terrestrial,Syncerus,dha,2.1750000000000003
Mammalia,Terrestrial,Tachyglossus,ala,0.49
Mammalia,Terrestrial,Tachyglossus,dha,1.1
Mammalia,Terrestrial,Taurotragus,ala,3.325
Mammalia,Terrestrial,Taurotragus,dha,2.475
Mammalia,Terrestrial,Taxidea,ala,7.55
Mammalia,Terrestrial,Thalarctos,ala,1.2116666666666667
Mammalia,Terrestrial,Thalarctos,dha,5.282222222222222
Mammalia,Terrestrial,Thalarctos,epa,2.898148148148148
Mammalia,Terrestrial,Ursus,ala,1.6104
Mammalia,Terrestrial,Ursus,dha,1.9356666666666666
Mammalia,Terrestrial,Ursus,epa,0.7835
Amphibia,Freshwater,Ambystoma,dha,1.417
Amphibia,Freshwater,Ambystoma,epa,3.66
Amphibia,Freshwater,Anaxyrus,dha,4.15
Amphibia,Freshwater,Anaxyrus,epa,3.9
Amphibia,Freshwater,Hyla,dha,2.63
Amphibia,Freshwater,Hyla,epa,2.28
Amphibia,Freshwater,Lithobates,ala,3.0250000000000004
Amphibia,Freshwater,Lithobates,dha,4.3675
Amphibia,Freshwater,Lithobates,epa,4.1975
Amphibia,Freshwater,Pelobates,ala,7.09
Amphibia,Freshwater,Pelobates,dha,3.09
Amphibia,Freshwater,Pelobates,epa,8.76
Amphibia,Freshwater,Pseudacris,ala,3.7
Amphibia,Freshwater,Pseudacris,dha,4.005
Amphibia,Freshwater,Pseudacris,epa,5.545
Amphibia,Freshwater,Rana,ala,2.68
Amphibia,Freshwater,Rana,dha,3.62
Amphibia,Freshwater,Rana,epa,6.33
Actinopterygii,Freshwater,Alosa,ala,2.04
Actinopterygii,Freshwater,Alosa,dha,15.15
Actinopterygii,Freshwater,Alosa,epa,9.79
Actinopterygii,Freshwater,Ambloplites,ala,1.2644257854821235
Actinopterygii,Freshwater,Ambloplites,dha,25.471083423618637
Actinopterygii,Freshwater,Ambloplites,epa,7.025390032502709
Actinopterygii,Freshwater,Ameiurus,ala,1.9587173268660738
Actinopterygii,Freshwater,Ameiurus,dha,12.463718674211801
Actinopterygii,Freshwater,Ameiurus,epa,7.199470493128537
Actinopterygii,Freshwater,Amia,ala,1.04
Actinopterygii,Freshwater,Amia,dha,13.76
Actinopterygii,Freshwater,Amia,epa,10.69
Actinopterygii,Freshwater,Aplodinotus,ala,1.3207018281151504
Actinopterygii,Freshwater,Aplodinotus,dha,5.453566925824754
Actinopterygii,Freshwater,Aplodinotus,epa,9.828691952090775
Actinopterygii,Freshwater,Catostomus,ala,2.0424358974358974
Actinopterygii,Freshwater,Catostomus,dha,13.319002849002848
Actinopterygii,Freshwater,Catostomus,epa,7.753867521367521
Actinopterygii,Freshwater,Coregonus,ala,1.4427441317598235
Actinopterygii,Freshwater,Coregonus,dha,10.02464012449747
Actinopterygii,Freshwater,Coregonus,epa,5.968745947347944
Actinopterygii,Freshwater,Cottus,ala,0.67
Actinopterygii,Freshwater,Cottus,dha,17.78
Actinopterygii,Freshwater,Cottus,epa,17.36
Actinopterygii,Freshwater,Cyprinus,ala,2.8121601325806616
Actinopterygii,Freshwater,Cyprinus,dha,2.7655497436428607
Actinopterygii,Freshwater,Cyprinus,epa,3.4439898492930756
Actinopterygii,Freshwater,Esox,ala,1.6713340563991324
Actinopterygii,Freshwater,Esox,dha,30.551681127982643
Actinopterygii,Freshwater,Esox,epa,8.20004338394794
Actinopterygii,Freshwater,Etheostoma,ala,0.73
Actinopterygii,Freshwater,Etheostoma,dha,18.23
Actinopterygii,Freshwater,Etheostoma,epa,20.61
Actinopterygii,Freshwater,Ictalurus,ala,1.643108857853453
Actinopterygii,Freshwater,Ictalurus,dha,10.258496269370575
Actinopterygii,Freshwater,Ictalurus,epa,5.25940883872202
Actinopterygii,Freshwater,Lepomis,ala,1.9200000000000002
Actinopterygii,Freshwater,Lepomis,dha,16.496666666666666
Actinopterygii,Freshwater,Lepomis,epa,6.4366666666666665
Actinopterygii,Freshwater,Lota,ala,0.46
Actinopterygii,Freshwater,Lota,dha,13.9
Actinopterygii,Freshwater,Lota,epa,7.37
Actinopterygii,Freshwater,Luxilus,ala,2.01
Actinopterygii,Freshwater,Luxilus,dha,10.16
Actinopterygii,Freshwater,Luxilus,epa,11.16
Actinopterygii,Freshwater,Micropterus,ala,1.4766478517941675
Actinopterygii,Freshwater,Micropterus,dha,19.501963790574848
Actinopterygii,Freshwater,Micropterus,epa,5.505817819974374
Actinopterygii,Freshwater,Morone,ala,2.478402261168921
Actinopterygii,Freshwater,Morone,dha,12.257391701407181
Actinopterygii,Freshwater,Morone,epa,9.531113153432935
Actinopterygii,Freshwater,Moxostoma,ala,1.5728422845871066
Actinopterygii,Freshwater,Moxostoma,dha,11.77327759347261
Actinopterygii,Freshwater,Moxostoma,epa,14.43964807675065
Actinopterygii,Freshwater,Notemigonus,ala,2.35
Actinopterygii,Freshwater,Notemigonus,dha,16.74
Actinopterygii,Freshwater,Notemigonus,epa,12.4
Actinopterygii,Freshwater,Oncorhynchus,ala,3.809860917280199
Actinopterygii,Freshwater,Oncorhynchus,dha,11.35207852971095
Actinopterygii,Freshwater,Oncorhynchus,epa,4.2552474107343725
Actinopterygii,Freshwater,Osmerus,ala,2.94
Actinopterygii,Freshwater,Osmerus,dha,26.44
Actinopterygii,Freshwater,Osmerus,epa,9.97
Actinopterygii,Freshwater,Perca,ala,0.9810279531109107
Actinopterygii,Freshwater,Perca,dha,21.534756537421103
Actinopterygii,Freshwater,Perca,epa,8.57270964833183
Actinopterygii,Freshwater,Pomoxis,ala,2.059397672826831
Actinopterygii,Freshwater,Pomoxis,dha,15.961793292265572
Actinopterygii,Freshwater,Pomoxis,epa,6.113052703627652
Actinopterygii,Freshwater,Rhinichthys,ala,0.44499999999999995
Actinopterygii,Freshwater,Rhinichthys,dha,23.485
Actinopterygii,Freshwater,Rhinichthys,epa,14.21
Actinopterygii,Freshwater,Salmo,ala,2.779065404057126
Actinopterygii,Freshwater,Salmo,dha,9.164955963181246
Actinopterygii,Freshwater,Salmo,epa,4.156457629737545
Actinopterygii,Freshwater,Salvelinus,ala,2.4423614376889486
Actinopterygii,Freshwater,Salvelinus,dha,17.40716003855647
Actinopterygii,Freshwater,Salvelinus,epa,5.963216179112325
Actinopterygii,Freshwater,Sander,ala,1.1173639191290825
Actinopterygii,Freshwater,Sander,dha,14.258382581648522
Actinopterygii,Freshwater,Sander,epa,4.250326594090202
Actinopterygii,Marine,Ammodytes,ala,1.32
Actinopterygii,Marine,Ammodytes,dha,19.64
Actinopterygii,Marine,Ammodytes,epa,13.45
Actinopterygii,Marine,Andinia,ala,0.9
Actinopterygii,Marine,Andinia,dha,10
Actinopterygii,Marine,Andinia,epa,4.7
Actinopterygii,Marine,Anisarchus,ala,0.21
Actinopterygii,Marine,Anisarchus,dha,6.4
Actinopterygii,Marine,Anisarchus,epa,19
Actinopterygii,Marine,Anoplopoma,ala,0.53
Actinopterygii,Marine,Anoplopoma,dha,17.08
Actinopterygii,Marine,Anoplopoma,epa,13.29
Actinopterygii,Marine,Antimora,ala,0.30000000000000004
Actinopterygii,Marine,Antimora,dha,42.574999999999996
Actinopterygii,Marine,Antimora,epa,7.275
Actinopterygii,Marine,Aphanius,ala,22.200000000000003
Actinopterygii,Marine,Aphanius,dha,4.25
Actinopterygii,Marine,Aphanius,epa,1.65
Actinopterygii,Marine,Apogonops,ala,0.7
Actinopterygii,Marine,Apogonops,dha,15.8
Actinopterygii,Marine,Apogonops,epa,4.3
Actinopterygii,Marine,Arctozenus,ala,0
Actinopterygii,Marine,Arctozenus,dha,14.6
Actinopterygii,Marine,Arctozenus,epa,9.2
Actinopterygii,Marine,Argyropelecus,ala,0.9
Actinopterygii,Marine,Argyropelecus,dha,15.5
Actinopterygii,Marine,Argyropelecus,epa,4.7
Actinopterygii,Marine,Aspitrigla,ala,1
Actinopterygii,Marine,Aspitrigla,dha,18.6
Actinopterygii,Marine,Aspitrigla,epa,11.100000000000001
Actinopterygii,Marine,Astronesthes,ala,0
Actinopterygii,Marine,Astronesthes,dha,6.2
Actinopterygii,Marine,Astronesthes,epa,1.5
Actinopterygii,Marine,Atherina,ala,2.3
Actinopterygii,Marine,Atherina,dha,20.15
Actinopterygii,Marine,Atherina,epa,6.75
Actinopterygii,Marine,Bathylagus,ala,0
Actinopterygii,Marine,Bathylagus,dha,12.3
Actinopterygii,Marine,Bathylagus,epa,7.8
Actinopterygii,Marine,Boops,ala,1
Actinopterygii,Marine,Boops,dha,14.183333333333332
Actinopterygii,Marine,Boops,epa,7.066666666666666
Actinopterygii,Marine,Boreogadus,ala,0.49
Actinopterygii,Marine,Boreogadus,dha,13.4
Actinopterygii,Marine,Boreogadus,epa,10.6
Actinopterygii,Marine,Careproctus,ala,0.25
Actinopterygii,Marine,Careproctus,dha,15.4
Actinopterygii,Marine,Careproctus,epa,12.9
Actinopterygii,Marine,Centracanthus,ala,1.3
Actinopterygii,Marine,Centracanthus,dha,10.95
Actinopterygii,Marine,Centracanthus,epa,7.4
Actinopterygii,Marine,Cepola,ala,1.65
Actinopterygii,Marine,Cepola,dha,15.9
Actinopterygii,Marine,Cepola,epa,10.05
Actinopterygii,Marine,Ceratoscopelus,ala,1
Actinopterygii,Marine,Ceratoscopelus,dha,20.4
Actinopterygii,Marine,Ceratoscopelus,epa,4.9
Actinopterygii,Marine,Champsocephalus,ala,1.1
Actinopterygii,Marine,Champsocephalus,dha,10.7
Actinopterygii,Marine,Champsocephalus,epa,16.5
Actinopterygii,Marine,Chauliodus,ala,0
Actinopterygii,Marine,Chauliodus,dha,8.9
Actinopterygii,Marine,Chauliodus,epa,5.5
Actinopterygii,Marine,Clupea,ala,0.7122222222222222
Actinopterygii,Marine,Clupea,dha,17.53596153846154
Actinopterygii,Marine,Clupea,epa,6.911111111111111
Actinopterygii,Marine,Coelorinchus,ala,0
Actinopterygii,Marine,Coelorinchus,dha,17.6
Actinopterygii,Marine,Coelorinchus,epa,2.6
Actinopterygii,Marine,Coryphaenoides,ala,0.28055555555555556
Actinopterygii,Marine,Coryphaenoides,dha,39.69444444444444
Actinopterygii,Marine,Coryphaenoides,epa,7.552777777777778
Actinopterygii,Marine,Cottidae,ala,0.75
Actinopterygii,Marine,Cottidae,dha,17.68
Actinopterygii,Marine,Cottidae,epa,13.58
Actinopterygii,Marine,Cubiceps,ala,0.6499999999999999
Actinopterygii,Marine,Cubiceps,dha,13.75
Actinopterygii,Marine,Cubiceps,epa,2.5
Actinopterygii,Marine,Cyprinodon,ala,1.045
Actinopterygii,Marine,Cyprinodon,dha,13.805
Actinopterygii,Marine,Cyprinodon,epa,3.58
Actinopterygii,Marine,Diaphus,ala,1.0142857142857142
Actinopterygii,Marine,Diaphus,dha,19.2
Actinopterygii,Marine,Diaphus,epa,4.714285714285714
Actinopterygii,Marine,Dicentrarchus,ala,0.7
Actinopterygii,Marine,Dicentrarchus,dha,23.65
Actinopterygii,Marine,Dicentrarchus,epa,10.65
Actinopterygii,Marine,Diplodus,ala,1.2000000000000002
Actinopterygii,Marine,Diplodus,dha,18.799999999999997
Actinopterygii,Marine,Diplodus,epa,9.75
Actinopterygii,Marine,Electrona,ala,1.18
Actinopterygii,Marine,Electrona,dha,11.56
Actinopterygii,Marine,Electrona,epa,6.96
Actinopterygii,Marine,Emmelichthys,ala,0
Actinopterygii,Marine,Emmelichthys,dha,5.8
Actinopterygii,Marine,Emmelichthys,epa,2.5
Actinopterygii,Marine,Engraulis,ala,1
Actinopterygii,Marine,Engraulis,dha,20
Actinopterygii,Marine,Engraulis,epa,11
Actinopterygii,Marine,Epigonus,ala,0
Actinopterygii,Marine,Epigonus,dha,12.9
Actinopterygii,Marine,Epigonus,epa,3.5
Actinopterygii,Marine,Euthynnus,ala,1
Actinopterygii,Marine,Euthynnus,dha,27
Actinopterygii,Marine,Euthynnus,epa,10
Actinopterygii,Marine,Fundulus,ala,0.1
Actinopterygii,Marine,Fundulus,dha,15
Actinopterygii,Marine,Fundulus,epa,2.8
Actinopterygii,Marine,Gadus,ala,0.595
Actinopterygii,Marine,Gadus,dha,25.856666666666666
Actinopterygii,Marine,Gadus,epa,15.033333333333333
Actinopterygii,Marine,Gambusia,ala,0.4
Actinopterygii,Marine,Gambusia,dha,13.5
Actinopterygii,Marine,Gambusia,epa,2.5
Actinopterygii,Marine,Glyptocephalus,ala,0.15
Actinopterygii,Marine,Glyptocephalus,dha,16.73
Actinopterygii,Marine,Glyptocephalus,epa,15.1
Actinopterygii,Marine,Grahamina,ala,0.75
Actinopterygii,Marine,Grahamina,dha,14.5
Actinopterygii,Marine,Grahamina,epa,8.75
Actinopterygii,Marine,Gymnoscopelus,ala,0.75
Actinopterygii,Marine,Gymnoscopelus,dha,9.81
Actinopterygii,Marine,Gymnoscopelus,epa,6.22
Actinopterygii,Marine,Hemerocoetes,ala,0.39
Actinopterygii,Marine,Hemerocoetes,dha,5.87
Actinopterygii,Marine,Hemerocoetes,epa,3.73
Actinopterygii,Marine,Hexagrammos,ala,1.46
Actinopterygii,Marine,Hexagrammos,dha,14.04
Actinopterygii,Marine,Hexagrammos,epa,14.04
Actinopterygii,Marine,Hippoglossoides,ala,0.30333333333333334
Actinopterygii,Marine,Hippoglossoides,dha,13.9
Actinopterygii,Marine,Hippoglossoides,epa,12.34
Actinopterygii,Marine,Hippoglossus,ala,0.07
Actinopterygii,Marine,Hippoglossus,dha,31.24
Actinopterygii,Marine,Hippoglossus,epa,9.92
Actinopterygii,Marine,Hygophum,ala,0.8500000000000001
Actinopterygii,Marine,Hygophum,dha,17.6
Actinopterygii,Marine,Hygophum,epa,5
Actinopterygii,Marine,Icichthys,ala,0
Actinopterygii,Marine,Icichthys,dha,12.8
Actinopterygii,Marine,Icichthys,epa,6.7
Actinopterygii,Marine,Katsuwonus,ala,0.8
Actinopterygii,Marine,Katsuwonus,dha,32.8
Actinopterygii,Marine,Katsuwonus,epa,9.2
Actinopterygii,Marine,Lampanyctus,ala,1.1
Actinopterygii,Marine,Lampanyctus,dha,13.2
Actinopterygii,Marine,Lampanyctus,epa,7.2
Actinopterygii,Marine,Lampichthys,ala,0.4
Actinopterygii,Marine,Lampichthys,dha,10.4
Actinopterygii,Marine,Lampichthys,epa,5.1
Actinopterygii,Marine,Lepidion,ala,0.3
Actinopterygii,Marine,Lepidion,dha,37.1
Actinopterygii,Marine,Lepidion,epa,8
Actinopterygii,Marine,Lepidopsetta,ala,0.16
Actinopterygii,Marine,Lepidopsetta,dha,13.67
Actinopterygii,Marine,Lepidopsetta,epa,17.8
Actinopterygii,Marine,Lepidorhombus,ala,0.75
Actinopterygii,Marine,Lepidorhombus,dha,19.4
Actinopterygii,Marine,Lepidorhombus,epa,7.65
Actinopterygii,Marine,Lepidorhynchus,ala,1.0499999999999998
Actinopterygii,Marine,Lepidorhynchus,dha,11.995000000000001
Actinopterygii,Marine,Lepidorhynchus,epa,6.28
Actinopterygii,Marine,Leptagonus,ala,0.31
Actinopterygii,Marine,Leptagonus,dha,9.7
Actinopterygii,Marine,Leptagonus,epa,14
Actinopterygii,Marine,Limanda,ala,0.38
Actinopterygii,Marine,Limanda,dha,12.6
Actinopterygii,Marine,Limanda,epa,14.6
Actinopterygii,Marine,Liparis,ala,0.43999999999999995
Actinopterygii,Marine,Liparis,dha,18.7
Actinopterygii,Marine,Liparis,epa,15.05
Actinopterygii,Marine,Lithognatus,ala,1.1
Actinopterygii,Marine,Lithognatus,dha,14.95
Actinopterygii,Marine,Lithognatus,epa,8.55
Actinopterygii,Marine,Liza,ala,3.9333333333333336
Actinopterygii,Marine,Liza,dha,9.883333333333333
Actinopterygii,Marine,Liza,epa,10.25
Actinopterygii,Marine,Lumpenus,ala,0.26
Actinopterygii,Marine,Lumpenus,dha,8.95
Actinopterygii,Marine,Lumpenus,epa,13.149999999999999
Actinopterygii,Marine,Lycodes,ala,0.195
Actinopterygii,Marine,Lycodes,dha,17.6
Actinopterygii,Marine,Lycodes,epa,16.35
Actinopterygii,Marine,Macruronus,ala,0.5700000000000001
Actinopterygii,Marine,Macruronus,dha,10.64
Actinopterygii,Marine,Macruronus,epa,5.38
Actinopterygii,Marine,Mallotus,ala,0.5900000000000001
Actinopterygii,Marine,Mallotus,dha,12.353333333333333
Actinopterygii,Marine,Mallotus,epa,10.703333333333333
Actinopterygii,Marine,Maurolicus,ala,0.5
Actinopterygii,Marine,Maurolicus,dha,11.5
Actinopterygii,Marine,Maurolicus,epa,3
Actinopterygii,Marine,Menidia,ala,1.6400000000000001
Actinopterygii,Marine,Menidia,dha,20.84
Actinopterygii,Marine,Menidia,epa,3.235
Actinopterygii,Marine,Merlangius,ala,0
Actinopterygii,Marine,Merlangius,dha,34
Actinopterygii,Marine,Merlangius,epa,15
Actinopterygii,Marine,Merluccius,ala,1.5
Actinopterygii,Marine,Merluccius,dha,14.5
Actinopterygii,Marine,Merluccius,epa,8.95
Actinopterygii,Marine,Metelectrona,ala,0.5
Actinopterygii,Marine,Metelectrona,dha,9.6
Actinopterygii,Marine,Metelectrona,epa,3.2
Actinopterygii,Marine,Microgadus,ala,0.68
Actinopterygii,Marine,Microgadus,dha,24.09
Actinopterygii,Marine,Microgadus,epa,14.88
Actinopterygii,Marine,Mugil,ala,0.33
Actinopterygii,Marine,Mugil,dha,14.33
Actinopterygii,Marine,Mugil,epa,8.54
Actinopterygii,Marine,Mullus,ala,0.6833333333333333
Actinopterygii,Marine,Mullus,dha,12.433333333333334
Actinopterygii,Marine,Mullus,epa,6.15
Actinopterygii,Marine,Myctophidae,ala,1
Actinopterygii,Marine,Myctophidae,dha,18.35
Actinopterygii,Marine,Myctophidae,epa,4.65
Actinopterygii,Marine,Nannobrachium,ala,0.3
Actinopterygii,Marine,Nannobrachium,dha,8
Actinopterygii,Marine,Nannobrachium,epa,3.7
Actinopterygii,Marine,Nansenia,ala,0.3
Actinopterygii,Marine,Nansenia,dha,7.7
Actinopterygii,Marine,Nansenia,epa,0.9
Actinopterygii,Marine,Nemichthys,ala,0.3
Actinopterygii,Marine,Nemichthys,dha,17.5
Actinopterygii,Marine,Nemichthys,epa,4.4
Actinopterygii,Marine,Notacanthus,ala,0
Actinopterygii,Marine,Notacanthus,dha,6.5
Actinopterygii,Marine,Notacanthus,epa,3.3
Actinopterygii,Marine,Oncorhynchus,ala,0.885
Actinopterygii,Marine,Oncorhynchus,dha,29.8675
Actinopterygii,Marine,Oncorhynchus,epa,10.392499999999998
Actinopterygii,Marine,Osmerus,ala,0.3
Actinopterygii,Marine,Osmerus,dha,20.35
Actinopterygii,Marine,Osmerus,epa,8.85
Actinopterygii,Marine,Pagellus,ala,0.6499999999999999
Actinopterygii,Marine,Pagellus,dha,16.2
Actinopterygii,Marine,Pagellus,epa,12.4
Actinopterygii,Marine,Paradiplospinus,ala,0
Actinopterygii,Marine,Paradiplospinus,dha,6.7
Actinopterygii,Marine,Paradiplospinus,epa,4.3
Actinopterygii,Marine,Persparsia,ala,1.3
Actinopterygii,Marine,Persparsia,dha,19.3
Actinopterygii,Marine,Persparsia,epa,6.6
Actinopterygii,Marine,Photichthys,ala,0.5
Actinopterygii,Marine,Photichthys,dha,13.4
Actinopterygii,Marine,Photichthys,epa,5.25
Actinopterygii,Marine,Pleuronectidae,ala,0.26
Actinopterygii,Marine,Pleuronectidae,dha,22.86
Actinopterygii,Marine,Pleuronectidae,epa,12.23
Actinopterygii,Marine,Poecilia,ala,2.52
Actinopterygii,Marine,Poecilia,dha,13.09
Actinopterygii,Marine,Poecilia,epa,2.75
Actinopterygii,Marine,Pomatoschistus,ala,2.05
Actinopterygii,Marine,Pomatoschistus,dha,10.95
Actinopterygii,Marine,Pomatoschistus,epa,6.55
Actinopterygii,Marine,Protomyctophum,ala,0.925
Actinopterygii,Marine,Protomyctophum,dha,17.224999999999998
Actinopterygii,Marine,Protomyctophum,epa,6.525
Actinopterygii,Marine,Pseudophycis,ala,0.58
Actinopterygii,Marine,Pseudophycis,dha,9.98
Actinopterygii,Marine,Pseudophycis,epa,5.13
Actinopterygii,Marine,Reinhardtius,ala,0.435
Actinopterygii,Marine,Reinhardtius,dha,7.725
Actinopterygii,Marine,Reinhardtius,epa,7
Actinopterygii,Marine,Rheinardtius,ala,0.27
Actinopterygii,Marine,Rheinardtius,dha,8.7
Actinopterygii,Marine,Rheinardtius,epa,8.1
Actinopterygii,Marine,Salilota,ala,0
Actinopterygii,Marine,Salilota,dha,31.7
Actinopterygii,Marine,Salilota,epa,8.8
Actinopterygii,Marine,Sarda,ala,1
Actinopterygii,Marine,Sarda,dha,3
Actinopterygii,Marine,Sarda,epa,1
Actinopterygii,Marine,Sardina,ala,1.0421428571428573
Actinopterygii,Marine,Sardina,dha,23.77285714285714
Actinopterygii,Marine,Sardina,epa,8.893571428571429
Actinopterygii,Marine,Scomber,ala,0.7424999999999999
Actinopterygii,Marine,Scomber,dha,12.375
Actinopterygii,Marine,Scomber,epa,4.4975
Actinopterygii,Marine,Scomberesox,ala,4.4
Actinopterygii,Marine,Scomberesox,dha,13.6
Actinopterygii,Marine,Scomberesox,epa,7.9
Actinopterygii,Marine,Scombridae,ala,0.9
Actinopterygii,Marine,Scombridae,dha,25.4
Actinopterygii,Marine,Scombridae,epa,5.9
Actinopterygii,Marine,Scopelosaurus,ala,0.9
Actinopterygii,Marine,Scopelosaurus,dha,11.7
Actinopterygii,Marine,Scopelosaurus,epa,3.6
Actinopterygii,Marine,Sebastes,ala,0.395
Actinopterygii,Marine,Sebastes,dha,12.889999999999999
Actinopterygii,Marine,Sebastes,epa,10.945
Actinopterygii,Marine,Serranus,ala,1.7
Actinopterygii,Marine,Serranus,dha,20.4
Actinopterygii,Marine,Serranus,epa,7.9
Actinopterygii,Marine,Solea,ala,0
Actinopterygii,Marine,Solea,dha,22
Actinopterygii,Marine,Solea,epa,8
Actinopterygii,Marine,Sparus,ala,1.4
Actinopterygii,Marine,Sparus,dha,6.75
Actinopterygii,Marine,Sparus,epa,8.25
Actinopterygii,Marine,Sphyraena,ala,0.7
Actinopterygii,Marine,Sphyraena,dha,26.85
Actinopterygii,Marine,Sphyraena,epa,9.55
Actinopterygii,Marine,Spicara,ala,0.2
Actinopterygii,Marine,Spicara,dha,7
Actinopterygii,Marine,Spicara,epa,9
Actinopterygii,Marine,Stomias,ala,1.2
Actinopterygii,Marine,Stomias,dha,14.2
Actinopterygii,Marine,Stomias,epa,4.9
Actinopterygii,Marine,Sudis,ala,0.3
Actinopterygii,Marine,Sudis,dha,18.7
Actinopterygii,Marine,Sudis,epa,4.7
Actinopterygii,Marine,Symbolophorus,ala,1.15
Actinopterygii,Marine,Symbolophorus,dha,12.649999999999999
Actinopterygii,Marine,Symbolophorus,epa,6
Actinopterygii,Marine,Thaleichthys,ala,0.36
Actinopterygii,Marine,Thaleichthys,dha,2.47
Actinopterygii,Marine,Thaleichthys,epa,1.52
Actinopterygii,Marine,Theragra,ala,0.5533333333333333
Actinopterygii,Marine,Theragra,dha,20.91
Actinopterygii,Marine,Theragra,epa,12.816666666666668
Actinopterygii,Marine,Thunnus,ala,0.6416666666666667
Actinopterygii,Marine,Thunnus,dha,27.6125
Actinopterygii,Marine,Thunnus,epa,7.375
Actinopterygii,Marine,Thyrsites,ala,0
Actinopterygii,Marine,Thyrsites,dha,16.9
Actinopterygii,Marine,Thyrsites,epa,4.1
Actinopterygii,Marine,Trachinus,ala,0.6499999999999999
Actinopterygii,Marine,Trachinus,dha,23.25
Actinopterygii,Marine,Trachinus,epa,9.65
Actinopterygii,Marine,Trachurus,ala,0.75
Actinopterygii,Marine,Trachurus,dha,18.775
Actinopterygii,Marine,Trachurus,epa,6.45
Actinopterygii,Marine,Trigla,ala,0.9
Actinopterygii,Marine,Trigla,dha,19.2
Actinopterygii,Marine,Trigla,epa,10.925
Actinopterygii,Marine,Triglops,ala,0.67
Actinopterygii,Marine,Triglops,dha,10.2
Actinopterygii,Marine,Triglops,epa,13.1
Actinopterygii,Marine,Tubbia,ala,0.5
Actinopterygii,Marine,Tubbia,dha,8.6
Actinopterygii,Marine,Tubbia,epa,3.2
Actinopterygii,Marine,Winteria,ala,0
Actinopterygii,Marine,Winteria,dha,20
Actinopterygii,Marine,Winteria,epa,2.4
Actinopterygii,Marine,Woodsia,ala,1.1
Actinopterygii,Marine,Woodsia,dha,8.6
Actinopterygii,Marine,Woodsia,epa,4.7
Actinopterygii,Marine,Xiphias,ala,0.6333333333333333
Actinopterygii,Marine,Xiphias,dha,9.7
Actinopterygii,Marine,Xiphias,epa,1.9666666666666668
Chondrichthyes,Marine,Amblyraja,ala,0.3
Chondrichthyes,Marine,Amblyraja,dha,25.25
Chondrichthyes,Marine,Amblyraja,epa,10.600000000000001
Chondrichthyes,Marine,Bathyraja,ala,0.05403068831345904
Chondrichthyes,Marine,Bathyraja,dha,21.477253219810372
Chondrichthyes,Marine,Bathyraja,epa,7.3342951464891355
Chondrichthyes,Marine,Carcharhinus,ala,1.18375
Chondrichthyes,Marine,Carcharhinus,dha,12.45625
Chondrichthyes,Marine,Carcharhinus,epa,2.78125
Chondrichthyes,Marine,Carcharias,ala,1.08
Chondrichthyes,Marine,Carcharias,dha,10.57
Chondrichthyes,Marine,Carcharias,epa,2.12
Chondrichthyes,Marine,Carcharodon,ala,1.36
Chondrichthyes,Marine,Carcharodon,dha,9.9
Chondrichthyes,Marine,Carcharodon,epa,2.08
Chondrichthyes,Marine,Dasyatis,ala,0
Chondrichthyes,Marine,Dasyatis,dha,14.32786325365771
Chondrichthyes,Marine,Dasyatis,epa,1.3906228718070424
Chondrichthyes,Marine,Galeocerdo,ala,1.36
Chondrichthyes,Marine,Galeocerdo,dha,13.83
Chondrichthyes,Marine,Galeocerdo,epa,3.38
Chondrichthyes,Marine,Manta,ala,0
Chondrichthyes,Marine,Manta,dha,11.4
Chondrichthyes,Marine,Manta,epa,1.4
Chondrichthyes,Marine,Myliobatis,ala,0.04698528008407961
Chondrichthyes,Marine,Myliobatis,dha,16.01707188281445
Chondrichthyes,Marine,Myliobatis,epa,2.7685460036554117
Chondrichthyes,Marine,Raja,ala,0.28
Chondrichthyes,Marine,Raja,dha,20
Chondrichthyes,Marine,Raja,epa,10.9
Chondrichthyes,Marine,Rhincodon,ala,0
Chondrichthyes,Marine,Rhincodon,dha,2.8
Chondrichthyes,Marine,Rhincodon,epa,1.2
Chondrichthyes,Marine,Somniosus,ala,0.9
Chondrichthyes,Marine,Somniosus,dha,9.9
Chondrichthyes,Marine,Somniosus,epa,6.5
Chondrichthyes,Marine,Sphyrna,ala,1.215
Chondrichthyes,Marine,Sphyrna,dha,20.155
Chondrichthyes,Marine,Sphyrna,epa,3.735
Chondrichthyes,Marine,Squalus,ala,0.8
Chondrichthyes,Marine,Squalus,dha,7.11
Chondrichthyes,Marine,Squalus,epa,3.97
Asteroidea,Marine,Asterias,ala,0.6
Asteroidea,Marine,Asterias,dha,10.9
Asteroidea,Marine,Asterias,epa,18.8
Asteroidea,Marine,Bathybiaster,ala,0.09
Asteroidea,Marine,Bathybiaster,dha,1.59
Asteroidea,Marine,Bathybiaster,epa,18.7
Asteroidea,Marine,Bathyplotes,ala,0
Asteroidea,Marine,Bathyplotes,dha,10.103333333333333
Asteroidea,Marine,Bathyplotes,epa,14.62
Asteroidea,Marine,Brisingella,ala,0
Asteroidea,Marine,Brisingella,dha,6.925
Asteroidea,Marine,Brisingella,epa,24.924999999999997
Asteroidea,Marine,Crossaster,ala,0.6
Asteroidea,Marine,Crossaster,dha,2.5
Asteroidea,Marine,Crossaster,epa,32.5
Asteroidea,Marine,Ctenodiscus,ala,3.1
Asteroidea,Marine,Ctenodiscus,dha,1.1
Asteroidea,Marine,Ctenodiscus,epa,14.6
Asteroidea,Marine,Dytaster,ala,0.07
Asteroidea,Marine,Dytaster,dha,0.81
Asteroidea,Marine,Dytaster,epa,21.5
Asteroidea,Marine,Freyella,ala,0.08
Asteroidea,Marine,Freyella,dha,6.13
Asteroidea,Marine,Freyella,epa,24.3
Asteroidea,Marine,Hymenaster,ala,0
Asteroidea,Marine,Hymenaster,dha,1.24
Asteroidea,Marine,Hymenaster,epa,21.57
Asteroidea,Marine,Hyphalaster,ala,0.1
Asteroidea,Marine,Hyphalaster,dha,0.23
Asteroidea,Marine,Hyphalaster,epa,15.43
Asteroidea,Marine,Pteraster,ala,0.8
Asteroidea,Marine,Pteraster,dha,0.5
Asteroidea,Marine,Pteraster,epa,19.7
Asteroidea,Marine,Styracaster,ala,0.12
Asteroidea,Marine,Styracaster,dha,0.8
Asteroidea,Marine,Styracaster,epa,11.35
Asteroidea,Marine,Zoroaster,ala,0.2
Asteroidea,Marine,Zoroaster,dha,3.01
Asteroidea,Marine,Zoroaster,epa,25.36
Ophiurodea,Marine,Ophiacantha,ala,0.5166666666666666
Ophiurodea,Marine,Ophiacantha,dha,2.1166666666666667
Ophiurodea,Marine,Ophiacantha,epa,16.933333333333334
Ophiurodea,Marine,Ophiopholis,ala,1.25
Ophiurodea,Marine,Ophiopholis,dha,4
Ophiurodea,Marine,Ophiopholis,epa,26.3
Ophiurodea,Marine,Ophiopleura,ala,0
Ophiurodea,Marine,Ophiopleura,dha,4.9
Ophiurodea,Marine,Ophiopleura,epa,15.6
Ophiurodea,Marine,Ophiura,ala,0.9500000000000001
Ophiurodea,Marine,Ophiura,dha,5.4
Ophiurodea,Marine,Ophiura,epa,21.65
Ophiurodea,Marine,Ophiuroidea,ala,0
Ophiurodea,Marine,Ophiuroidea,dha,0.8
Ophiurodea,Marine,Ophiuroidea,epa,9.8
Holothuroidea,Marine,Abyssocucumis,ala,0.9
Holothuroidea,Marine,Abyssocucumis,dha,5.4
Holothuroidea,Marine,Abyssocucumis,epa,13.5
Holothuroidea,Marine,Actinopyga,ala,0.7933333333333333
Holothuroidea,Marine,Actinopyga,dha,1.9000000000000001
Holothuroidea,Marine,Actinopyga,epa,4.29
Holothuroidea,Marine,Amperima,ala,0
Holothuroidea,Marine,Amperima,dha,8.083333333333334
Holothuroidea,Marine,Amperima,epa,18.62333333333333
Holothuroidea,Marine,Apostichopus,ala,0.67
Holothuroidea,Marine,Apostichopus,dha,3.16
Holothuroidea,Marine,Apostichopus,epa,9.43375
Holothuroidea,Marine,Athyonidium,ala,0
Holothuroidea,Marine,Athyonidium,dha,0
Holothuroidea,Marine,Athyonidium,epa,0.68
Holothuroidea,Marine,Bohadschia,ala,1.6099999999999999
Holothuroidea,Marine,Bohadschia,dha,2.2
Holothuroidea,Marine,Bohadschia,epa,5.380000000000001
Holothuroidea,Marine,Chiridota,ala,3.3
Holothuroidea,Marine,Chiridota,dha,0.1
Holothuroidea,Marine,Chiridota,epa,23.3
Holothuroidea,Marine,Deima,ala,0
Holothuroidea,Marine,Deima,dha,4.566666666666666
Holothuroidea,Marine,Deima,epa,24.37
Holothuroidea,Marine,Euapta,ala,0.3
Holothuroidea,Marine,Euapta,dha,2.8
Holothuroidea,Marine,Euapta,epa,22.35
Holothuroidea,Marine,Holothuria,ala,2.8034545454545454
Holothuroidea,Marine,Holothuria,dha,5.854151515151515
Holothuroidea,Marine,Holothuria,epa,5.608060606060606
Holothuroidea,Marine,Isostichopus,ala,0.27
Holothuroidea,Marine,Isostichopus,dha,3.46
Holothuroidea,Marine,Isostichopus,epa,1.6
Holothuroidea,Marine,Konowata sp,ala,0
Holothuroidea,Marine,Konowata sp,dha,0
Holothuroidea,Marine,Konowata sp,epa,2.635
Holothuroidea,Marine,Oneirophanta,ala,1.6
Holothuroidea,Marine,Oneirophanta,dha,1.5
Holothuroidea,Marine,Oneirophanta,epa,2.9
Holothuroidea,Marine,Pearsonothuria,ala,2
Holothuroidea,Marine,Pearsonothuria,dha,1.8
Holothuroidea,Marine,Pearsonothuria,epa,11.8
Holothuroidea,Marine,Peniagone,ala,1
Holothuroidea,Marine,Peniagone,dha,8.3
Holothuroidea,Marine,Peniagone,epa,17.8
Holothuroidea,Marine,Protankyra,ala,0.3
Holothuroidea,Marine,Protankyra,dha,7.2
Holothuroidea,Marine,Protankyra,epa,16.6
Holothuroidea,Marine,Stichopus,ala,1.47125
Holothuroidea,Marine,Stichopus,dha,3.09
Holothuroidea,Marine,Stichopus,epa,8.18625
Holothuroidea,Marine,Thelenota,ala,0.65
Holothuroidea,Marine,Thelenota,dha,0
Holothuroidea,Marine,Thelenota,epa,3.51
Echinoidea,Marine,Paracentrotus,ala,1.7650000000000001
Echinoidea,Marine,Paracentrotus,dha,0.66
Echinoidea,Marine,Paracentrotus,epa,8.049999999999999
Echinoidea,Marine,Strongylocentrotus,ala,1.1385
Echinoidea,Marine,Strongylocentrotus,dha,1.283
Echinoidea,Marine,Strongylocentrotus,epa,12.6825
Insecta,Freshwater,Aeshna,ala,5.14
Insecta,Freshwater,Aeshna,dha,0.01
Insecta,Freshwater,Aeshna,epa,5.45
Insecta,Freshwater,Apatania,ala,8.7
Insecta,Freshwater,Apatania,dha,0.2
Insecta,Freshwater,Apatania,epa,10.4
Insecta,Freshwater,Chaoborus,ala,5.39
Insecta,Freshwater,Chaoborus,dha,4.25
Insecta,Freshwater,Chaoborus,epa,25.93
Insecta,Freshwater,Chironomidae,ala,7.851666666666667
Insecta,Freshwater,Chironomidae,dha,0.10523782710940734
Insecta,Freshwater,Chironomidae,epa,11.006490175442764
Insecta,Freshwater,Chironomus,ala,3.6
Insecta,Freshwater,Chironomus,dha,0.03333333333333333
Insecta,Freshwater,Chironomus,epa,4.8
Insecta,Freshwater,Chirotonus,ala,2
Insecta,Freshwater,Chirotonus,dha,0
Insecta,Freshwater,Chirotonus,epa,6.3
Insecta,Freshwater,Coleoptera,ala,7.65
Insecta,Freshwater,Coleoptera,dha,2.8
Insecta,Freshwater,Coleoptera,epa,3.5
Insecta,Freshwater,Corydalus,ala,1
Insecta,Freshwater,Diptera,ala,11.8
Insecta,Freshwater,Diptera,dha,0.2
Insecta,Freshwater,Diptera,epa,3.8
Insecta,Freshwater,Enallagma,ala,2.83
Insecta,Freshwater,Enallagma,dha,0.11
Insecta,Freshwater,Enallagma,epa,10.85
Insecta,Freshwater,Ephemerella,ala,11.3
Insecta,Freshwater,Ephemerella,dha,0.1
Insecta,Freshwater,Ephemerella,epa,10
Insecta,Freshwater,Ephemeroptera,ala,14.166666666666666
Insecta,Freshwater,Ephemeroptera,dha,0.1
Insecta,Freshwater,Ephemeroptera,epa,3.5
Insecta,Freshwater,Erythromma,ala,5.64
Insecta,Freshwater,Erythromma,dha,0.06
Insecta,Freshwater,Erythromma,epa,13.19
Insecta,Freshwater,Glyptotendipes,ala,10.45
Insecta,Freshwater,Glyptotendipes,dha,0.05
Insecta,Freshwater,Glyptotendipes,epa,16.35
Insecta,Freshwater,Grazers,ala,10.91
Insecta,Freshwater,Grazers,dha,0.04
Insecta,Freshwater,Grazers,epa,14.09
Insecta,Freshwater,Heptageniidae,ala,6.92
Insecta,Freshwater,Heptageniidae,epa,14.99267931
Insecta,Freshwater,Hydropsyche,ala,8.69
Insecta,Freshwater,Hydropsyche,dha,0.12
Insecta,Freshwater,Hydropsyche,epa,9.96
Insecta,Freshwater,Insecta,ala,7.935740740740741
Insecta,Freshwater,Insecta,dha,0.0047240927975054775
Insecta,Freshwater,Insecta,epa,13.559206678879649
Insecta,Freshwater,Lestes,ala,8.2
Insecta,Freshwater,Lestes,dha,0.195
Insecta,Freshwater,Lestes,epa,13.045
Insecta,Freshwater,Leucorrhinia,ala,5.5
Insecta,Freshwater,Leucorrhinia,dha,0.09
Insecta,Freshwater,Leucorrhinia,epa,11.71
Insecta,Freshwater,Libellula,ala,5.06
Insecta,Freshwater,Libellula,dha,0
Insecta,Freshwater,Libellula,epa,9.16
Insecta,Freshwater,Limoniidae,ala,19.6
Insecta,Freshwater,Limoniidae,dha,0.2
Insecta,Freshwater,Odonata,ala,10.9
Insecta,Freshwater,Odonata,dha,0.4
Insecta,Freshwater,Odonata,epa,4.6
Insecta,Freshwater,Perlidae,ala,5.305550168
Insecta,Freshwater,Perlidae,dha,0.00370877
Insecta,Freshwater,Perlidae,epa,20.53109021
Insecta,Freshwater,Plecoptera,ala,15.8
Insecta,Freshwater,Plecoptera,dha,0.2
Insecta,Freshwater,Plecoptera,epa,10.3
Insecta,Freshwater,Polypedilum,ala,0.7
Insecta,Freshwater,Polypedilum,dha,0
Insecta,Freshwater,Polypedilum,epa,2.5
Insecta,Freshwater,Prodiamesa,ala,13.7
Insecta,Freshwater,Prodiamesa,dha,0.1
Insecta,Freshwater,Prodiamesa,epa,3.1
Insecta,Freshwater,Sialis,ala,10.6
Insecta,Freshwater,Sialis,dha,0.1
Insecta,Freshwater,Sialis,epa,9.9
Insecta,Freshwater,Simuliidae,ala,7.26
Insecta,Freshwater,Simuliidae,dha,0.22
Insecta,Freshwater,Simuliidae,epa,12
Insecta,Freshwater,Sympecma,ala,6.51
Insecta,Freshwater,Sympecma,dha,0
Insecta,Freshwater,Sympecma,epa,11.52
Insecta,Freshwater,Sympetrum,ala,5.265000000000001
Insecta,Freshwater,Sympetrum,dha,0.08499999999999999
Insecta,Freshwater,Sympetrum,epa,8.969999999999999
Insecta,Freshwater,Trichoptera,ala,8.4
Insecta,Freshwater,Trichoptera,dha,0.3
Insecta,Freshwater,Trichoptera,epa,6.05
Insecta,Freshwater,Tricopterus,ala,8.4
Insecta,Freshwater,Tricopterus,dha,0.3
Insecta,Freshwater,Tricopterus,epa,6.05
Insecta,Terrestrial,Acheta,ala,1.7
Insecta,Terrestrial,Acronicta,ala,29.3
Insecta,Terrestrial,Agonoscelis,ala,1.28
Insecta,Terrestrial,Altica,ala,29.4
Insecta,Terrestrial,Amphimallon,ala,5.8
Insecta,Terrestrial,Anagrapha,ala,20
Insecta,Terrestrial,Antheraea,ala,38.985
Insecta,Terrestrial,Anthonomus,ala,13.1
Insecta,Terrestrial,Apantesis,ala,33.95
Insecta,Terrestrial,Aphis,ala,3.1
Insecta,Terrestrial,Aphrophora,ala,3.7
Insecta,Terrestrial,Apis,ala,10.975
Insecta,Terrestrial,Archips,ala,31.7
Insecta,Terrestrial,Arge,ala,33.6
Insecta,Terrestrial,Argyrotaenia,ala,23.1
Insecta,Terrestrial,Aspongopus,ala,0.45
Insecta,Terrestrial,Attacus,ala,25.1
Insecta,Terrestrial,Bombyx,ala,29.584
Insecta,Terrestrial,Brachytrupes,ala,2.34
Insecta,Terrestrial,Callosamia,ala,28.9
Insecta,Terrestrial,Calophasia,ala,34
Insecta,Terrestrial,Calosoma,ala,19.75
Insecta,Terrestrial,Carebara,ala,1.2149999999999999
Insecta,Terrestrial,Carpocapsa,ala,4
Insecta,Terrestrial,Catocala,ala,15.166666666666668
Insecta,Terrestrial,Chauliognathus,ala,1
Insecta,Terrestrial,Chondracris,ala,32.22
Insecta,Terrestrial,Choristoneura,ala,4
Insecta,Terrestrial,Chrysochus,ala,12.6
Insecta,Terrestrial,Chrysomela,ala,26.15
Insecta,Terrestrial,Circulifer,ala,0.6
Insecta,Terrestrial,Cirina,ala,8.1
Insecta,Terrestrial,Copris,ala,1.295
Insecta,Terrestrial,Copris,epa,12.94
Insecta,Terrestrial,Ctenucha,ala,37.3
Insecta,Terrestrial,Cycnia,ala,36.3
Insecta,Terrestrial,Dacus,ala,1.8333333333333333
Insecta,Terrestrial,Datana,ala,30.655
Insecta,Terrestrial,Diapheromera,ala,30.8
Insecta,Terrestrial,Diplolepis,ala,30.698
Insecta,Terrestrial,Diplotaxis,ala,10.5
Insecta,Terrestrial,Dolycoris,ala,2.37
Insecta,Terrestrial,Drosophila,ala,1.7
Insecta,Terrestrial,Empoasca,ala,29
Insecta,Terrestrial,Erannls  tiliarle,ala,38.8
Insecta,Terrestrial,Eriosoma,ala,0.5
Insecta,Terrestrial,Erythroneura,ala,32.6
Insecta,Terrestrial,Eurygaster,ala,5.652083333333334
Insecta,Terrestrial,Eurygaster,epa,0.1
Insecta,Terrestrial,Euxesta,ala,3.4
Insecta,Terrestrial,Feltia,ala,29.7
Insecta,Terrestrial,Galerucella,ala,22.4
Insecta,Terrestrial,Galleria,ala,5
Insecta,Terrestrial,Gnorimoschema,ala,4
Insecta,Terrestrial,Gryllotalpa,ala,0.5
Insecta,Terrestrial,Gryllus,ala,2.7
Insecta,Terrestrial,Halisidota,ala,24.9
Insecta,Terrestrial,Halyomorpha,ala,1.7
Insecta,Terrestrial,Helicopis,ala,0.65
Insecta,Terrestrial,Helicoprion,ala,0.65
Insecta,Terrestrial,Helicopsis,ala,0.65
Insecta,Terrestrial,Heliocopris,ala,0.65
Insecta,Terrestrial,Heliothis,ala,16.2
Insecta,Terrestrial,Holotrichia,dha,3.39
Insecta,Terrestrial,Homorocoryphus,ala,16.19
Insecta,Terrestrial,Hordnia,ala,1
Insecta,Terrestrial,Hyalophora,ala,51
Insecta,Terrestrial,Hylemya,ala,5
Insecta,Terrestrial,Hyphantria,ala,28.25
Insecta,Terrestrial,Imbrasia,ala,25.625
Insecta,Terrestrial,Insecta,ala,12.571870588117566
Insecta,Terrestrial,Insecta,epa,2.3492546473013625
Insecta,Terrestrial,Ips,ala,2.1
Insecta,Terrestrial,Isia,ala,25
Insecta,Terrestrial,Lapara,ala,22.6
Insecta,Terrestrial,Leptinotarsa,ala,19
Insecta,Terrestrial,Lertha,ala,11.263461538461538
Insecta,Terrestrial,Lertha,epa,0.0980769230769231
Insecta,Terrestrial,Leucania,ala,4.1
Insecta,Terrestrial,Liatongus,ala,0.67
Insecta,Terrestrial,Locusta,ala,29
Insecta,Terrestrial,Luperina,ala,5.6
Insecta,Terrestrial,Lymantria,ala,7.265
Insecta,Terrestrial,Macrosiphum,ala,0.6
Insecta,Terrestrial,Macrotermes,ala,8.6
Insecta,Terrestrial,Magicicada,ala,0.2333333333333333
Insecta,Terrestrial,Malacosoma,ala,13
Insecta,Terrestrial,Manduca,ala,5.275
Insecta,Terrestrial,Manduca,epa,0.15
Insecta,Terrestrial,Melanoplus,ala,23.4
Insecta,Terrestrial,Monoctenus,ala,27.3
Insecta,Terrestrial,Monosteria,ala,5.685
Insecta,Terrestrial,Monosteria,epa,0.675
Insecta,Terrestrial,Musca,ala,1.9333333333333333
Insecta,Terrestrial,Neodiprion,ala,14.033333333333333
Insecta,Terrestrial,Nephrotoma,ala,11.1
Insecta,Terrestrial,Noctua,ala,6.9
Insecta,Terrestrial,Nudaurelia,ala,35.6
Insecta,Terrestrial,Nymphalis,ala,55
Insecta,Terrestrial,Oecophylla,ala,0.53
Insecta,Terrestrial,Oecophylla,dha,0.74
Insecta,Terrestrial,Oecophylla,epa,0.3
Insecta,Terrestrial,Onitis,ala,0.52
Insecta,Terrestrial,Onthophagus,ala,0.9049999999999999
Insecta,Terrestrial,Orthopelma,ala,25.271
Insecta,Terrestrial,Oryctes,ala,2.845
Insecta,Terrestrial,Ostrinia,ala,1
Insecta,Terrestrial,Paleacrita,ala,7.8
Insecta,Terrestrial,Paonias,ala,27.75
Insecta,Terrestrial,Periclistus,ala,23.85
Insecta,Terrestrial,Phaenicia,ala,5
Insecta,Terrestrial,Phenicia,ala,5
Insecta,Terrestrial,Phlegethontius,ala,31.9
Insecta,Terrestrial,Phragmatobia,ala,36
Insecta,Terrestrial,Phyllophaga,ala,9.1
Insecta,Terrestrial,Phytophaga,ala,5.7
Insecta,Terrestrial,Piezodorus,ala,5.6625
Insecta,Terrestrial,Pikonema,ala,22.1
Insecta,Terrestrial,Piocoris,ala,3.085
Insecta,Terrestrial,Piocoris,epa,4.85
Insecta,Terrestrial,Pissodes,ala,9.2
Insecta,Terrestrial,Polyrhachis,ala,0.7999999999999999
Insecta,Terrestrial,Polyrhachis,dha,0.07500000000000001
Insecta,Terrestrial,Polyrhachis,epa,0.225
Insecta,Terrestrial,Prociphilus,ala,5.5
Insecta,Terrestrial,Protaetia,ala,0.23
Insecta,Terrestrial,Pteromalus,ala,23.712
Insecta,Terrestrial,Pyropyga,ala,12
Insecta,Terrestrial,Rabdophaga,ala,3.2
Insecta,Terrestrial,Rhodophora,ala,9.7
Insecta,Terrestrial,Rhyacionia,ala,6
Insecta,Terrestrial,Rhynchophorus,ala,2.75
Insecta,Terrestrial,Rothschildia,ala,27.3
Insecta,Terrestrial,Ruspolia,ala,3.7
Insecta,Terrestrial,Samia,ala,33.8125
Insecta,Terrestrial,Samia,epa,0.35
Insecta,Terrestrial,Sarcophaga,ala,2.75
Insecta,Terrestrial,Scepsis,ala,26.8
Insecta,Terrestrial,Schistocerca,ala,7.3
Insecta,Terrestrial,Schizolachnus,ala,20.6
Insecta,Terrestrial,Scolytus,ala,2
Insecta,Terrestrial,Septis,ala,16.5
Insecta,Terrestrial,Sitona,ala,14
Insecta,Terrestrial,Strauzia,ala,10.4
Insecta,Terrestrial,Telea,ala,47.2
Insecta,Terrestrial,Tenebrio,ala,6.2
Insecta,Terrestrial,Termes,ala,0.34
Insecta,Terrestrial,Tetraopes,ala,8
Insecta,Terrestrial,Therioaphis,ala,2.3
Insecta,Terrestrial,Torymus,ala,25.759
Insecta,Terrestrial,Trichoplusia,ala,10.6
Insecta,Terrestrial,Vespa,ala,19.8
Insecta,Terrestrial,Vespula,ala,12.799999999999999
Branchiopoda,Freshwater,Bosmina,ala,14.4
Branchiopoda,Freshwater,Bosmina,dha,2.6
Branchiopoda,Freshwater,Bosmina,epa,7.6
Branchiopoda,Freshwater,Bythotrephes,ala,23
Branchiopoda,Freshwater,Bythotrephes,dha,2.1
Branchiopoda,Freshwater,Bythotrephes,epa,5.3
Branchiopoda,Freshwater,Daphnia,ala,10.862083333333334
Branchiopoda,Freshwater,Daphnia,dha,0.7554166666666666
Branchiopoda,Freshwater,Daphnia,epa,8.443333333333333
Branchiopoda,Freshwater,Diaphanosoma,ala,10.06
Branchiopoda,Freshwater,Diaphanosoma,dha,1
Branchiopoda,Freshwater,Diaphanosoma,epa,3.8
Branchiopoda,Freshwater,Holopedium,ala,15.17
Branchiopoda,Freshwater,Holopedium,dha,1.65
Branchiopoda,Freshwater,Holopedium,epa,5.715
Branchiopoda,Marine,Artemia,ala,2.9699999999999998
Branchiopoda,Marine,Artemia,dha,0.082
Branchiopoda,Marine,Artemia,epa,7.106
Hexanauplia,Freshwater,Arctodiaptomus,ala,6.995
Hexanauplia,Freshwater,Arctodiaptomus,dha,10.3
Hexanauplia,Freshwater,Arctodiaptomus,epa,6.665
Hexanauplia,Freshwater,Cyclops,ala,7.01
Hexanauplia,Freshwater,Cyclops,dha,12.7
Hexanauplia,Freshwater,Cyclops,epa,4.4
Hexanauplia,Freshwater,Diacyclops,ala,5.6
Hexanauplia,Freshwater,Diacyclops,dha,10.7
Hexanauplia,Freshwater,Diacyclops,epa,17.6
Hexanauplia,Freshwater,Diaptomus,ala,6.5
Hexanauplia,Freshwater,Diaptomus,dha,14.7
Hexanauplia,Freshwater,Diaptomus,epa,14.3
Hexanauplia,Freshwater,Epischura,ala,9.2
Hexanauplia,Freshwater,Epischura,dha,18
Hexanauplia,Freshwater,Epischura,epa,11.6
Hexanauplia,Freshwater,Eudiaptomus,ala,9.71
Hexanauplia,Freshwater,Eudiaptomus,dha,13.3
Hexanauplia,Freshwater,Eudiaptomus,epa,6.7
Hexanauplia,Freshwater,Heterocope,ala,10.9
Hexanauplia,Freshwater,Heterocope,dha,20
Hexanauplia,Freshwater,Heterocope,epa,4.1
Hexanauplia,Freshwater,Leptodiaptomus,dha,9.556
Hexanauplia,Freshwater,Leptodiaptomus,epa,6.550333333333336
Hexanauplia,Marine,Calanoides,ala,0.7
Hexanauplia,Marine,Calanoides,dha,11.1
Hexanauplia,Marine,Calanoides,epa,19.2
Hexanauplia,Marine,Calanus,ala,1.6770588235294117
Hexanauplia,Marine,Calanus,dha,12.341696832579185
Hexanauplia,Marine,Calanus,epa,15.013341346153846
Hexanauplia,Marine,Cyclopoida,ala,0
Hexanauplia,Marine,Cyclopoida,dha,7.84
Hexanauplia,Marine,Cyclopoida,epa,17.84
Hexanauplia,Marine,Euchaeta,ala,0.5388888888888889
Hexanauplia,Marine,Euchaeta,dha,14.4
Hexanauplia,Marine,Euchaeta,epa,11.977777777777778
Hexanauplia,Marine,Euchirella,ala,0
Hexanauplia,Marine,Euchirella,dha,9.3
Hexanauplia,Marine,Euchirella,epa,12.6
Hexanauplia,Marine,Eurytemora,ala,10.8
Hexanauplia,Marine,Eurytemora,dha,21.8
Hexanauplia,Marine,Eurytemora,epa,1.3
Hexanauplia,Marine,Harpacticoida,ala,0
Hexanauplia,Marine,Harpacticoida,dha,11.22
Hexanauplia,Marine,Harpacticoida,epa,19.53
Hexanauplia,Marine,Metridia,ala,0.8
Hexanauplia,Marine,Metridia,dha,24.1
Hexanauplia,Marine,Metridia,epa,20.9
Hexanauplia,Marine,Neoverruca,ala,0
Hexanauplia,Marine,Neoverruca,dha,1.1
Hexanauplia,Marine,Neoverruca,epa,2.1
Hexanauplia,Marine,Pseudocalanus,ala,1.9000000000000001
Hexanauplia,Marine,Pseudocalanus,dha,15.199999999999998
Hexanauplia,Marine,Pseudocalanus,epa,13.833333333333336
Hexanauplia,Marine,Rhincalanus,ala,0.95
Hexanauplia,Marine,Rhincalanus,dha,12.25
Hexanauplia,Marine,Rhincalanus,epa,26.9
Hexanauplia,Marine,Stygiopontius,ala,0
Hexanauplia,Marine,Stygiopontius,dha,1.75
Hexanauplia,Marine,Stygiopontius,epa,2.95
Hexanauplia,Marine,Temora,ala,20.8
Hexanauplia,Marine,Temora,dha,33.6
Hexanauplia,Marine,Temora,epa,3.03
Malacostraca,Freshwater,Amphipoda,ala,17.1
Malacostraca,Freshwater,Amphipoda,dha,3.2
Malacostraca,Freshwater,Cambarus,ala,6.1775
Malacostraca,Freshwater,Cambarus,dha,9.709999999999999
Malacostraca,Freshwater,Cambarus,epa,5.95
Malacostraca,Freshwater,Dikerogammarus,ala,16.2
Malacostraca,Freshwater,Dikerogammarus,dha,3.4
Malacostraca,Freshwater,Dikerogammarus,epa,2.2
Malacostraca,Freshwater,Echinogammarus,ala,8.52
Malacostraca,Freshwater,Echinogammarus,dha,0.86
Malacostraca,Freshwater,Echinogammarus,epa,4.65
Malacostraca,Freshwater,Eulimnogammarus,ala,16.5
Malacostraca,Freshwater,Eulimnogammarus,dha,4.9
Malacostraca,Freshwater,Eulimnogammarus,epa,2.8
Malacostraca,Freshwater,Gammarus,ala,10.620000000000001
Malacostraca,Freshwater,Gammarus,dha,2.98
Malacostraca,Freshwater,Gammarus,epa,4.76
Malacostraca,Freshwater,Malacostraca,ala,4.6
Malacostraca,Freshwater,Malacostraca,dha,1.113806933068906
Malacostraca,Freshwater,Malacostraca,epa,8.297480992008555
Malacostraca,Freshwater,Pontogammarus,ala,15.9
Malacostraca,Freshwater,Pontogammarus,dha,3.3
Malacostraca,Freshwater,Pontogammarus,epa,2.5
Malacostraca,Marine,Acanthephyra,ala,0
Malacostraca,Marine,Acanthephyra,dha,16.2
Malacostraca,Marine,Acanthephyra,epa,12
Malacostraca,Marine,Acanthostepheia,ala,0
Malacostraca,Marine,Acanthostepheia,dha,12.41
Malacostraca,Marine,Acanthostepheia,epa,22.73
Malacostraca,Marine,Amphipoda,ala,0
Malacostraca,Marine,Amphipoda,dha,9.5
Malacostraca,Marine,Amphipoda,epa,9
Malacostraca,Marine,Anonyx,ala,0.4
Malacostraca,Marine,Anonyx,dha,7
Malacostraca,Marine,Anonyx,epa,9.2
Malacostraca,Marine,Apherusa,ala,0
Malacostraca,Marine,Apherusa,dha,3.88
Malacostraca,Marine,Apherusa,epa,14.24
Malacostraca,Marine,Apseudes,ala,0.9
Malacostraca,Marine,Apseudes,dha,4.7
Malacostraca,Marine,Apseudes,epa,16.7
Malacostraca,Marine,Arcturus,ala,0
Malacostraca,Marine,Arcturus,dha,10
Malacostraca,Marine,Arcturus,epa,25.6
Malacostraca,Marine,Aristeus,ala,0.5
Malacostraca,Marine,Aristeus,dha,20.2
Malacostraca,Marine,Aristeus,epa,16.375
Malacostraca,Marine,Atylus,ala,12.2
Malacostraca,Marine,Atylus,dha,3.7
Malacostraca,Marine,Birubius,ala,0.8
Malacostraca,Marine,Birubius,dha,21.9
Malacostraca,Marine,Birubius,epa,10.2
Malacostraca,Marine,Callinectes,ala,1.5699999999999998
Malacostraca,Marine,Callinectes,dha,6.335
Malacostraca,Marine,Callinectes,epa,9.504999999999999
Malacostraca,Marine,Cancer,ala,0.11288888888888889
Malacostraca,Marine,Cancer,dha,11.370133333333333
Malacostraca,Marine,Cancer,epa,23.8968
Malacostraca,Marine,Caprella,ala,18.9075
Malacostraca,Marine,Caprella,dha,13.93
Malacostraca,Marine,Caprella,epa,0.8675
Malacostraca,Marine,Carcinus,ala,0.5108333333333334
Malacostraca,Marine,Carcinus,dha,9.123333333333333
Malacostraca,Marine,Carcinus,epa,20.175
Malacostraca,Marine,Chionoecetes,ala,0.22333333333333333
Malacostraca,Marine,Chionoecetes,dha,14.655000000000001
Malacostraca,Marine,Chionoecetes,epa,24
Malacostraca,Marine,Cleistostoma,ala,0.6
Malacostraca,Marine,Cleistostoma,dha,3.4
Malacostraca,Marine,Cleistostoma,epa,11.2
Malacostraca,Marine,Cyclograpsus,ala,5.9
Malacostraca,Marine,Cyclograpsus,dha,1.7
Malacostraca,Marine,Cyclograpsus,epa,8.1
Malacostraca,Marine,Diastylis,ala,21.5
Malacostraca,Marine,Diastylis,dha,2.9
Malacostraca,Marine,Elasmopus,ala,16.1
Malacostraca,Marine,Elasmopus,dha,8.81
Malacostraca,Marine,Elasmopus,epa,0.64
Malacostraca,Marine,Eriocheir,ala,1.91
Malacostraca,Marine,Eriocheir,dha,6.475
Malacostraca,Marine,Eriocheir,epa,10.335
Malacostraca,Marine,Eualus,ala,0
Malacostraca,Marine,Eualus,dha,15.3
Malacostraca,Marine,Eualus,epa,27.2
Malacostraca,Marine,Euphausia,ala,5.399444444444445
Malacostraca,Marine,Euphausia,dha,14.424027777777777
Malacostraca,Marine,Euphausia,epa,10.3175
Malacostraca,Marine,Farfantepenaeus,ala,0.3
Malacostraca,Marine,Farfantepenaeus,dha,2.6
Malacostraca,Marine,Farfantepenaeus,epa,14.1
Malacostraca,Marine,Gammarus,ala,3.3
Malacostraca,Marine,Gammarus,dha,3.975
Malacostraca,Marine,Gammarus,epa,14.62
Malacostraca,Marine,Geryon,ala,0.125
Malacostraca,Marine,Geryon,dha,13.915
Malacostraca,Marine,Geryon,epa,17.915
Malacostraca,Marine,Helice,ala,1.5
Malacostraca,Marine,Helice,dha,5.2
Malacostraca,Marine,Helice,epa,10.1
Malacostraca,Marine,Hemigrapsus,ala,0
Malacostraca,Marine,Hemigrapsus,dha,4.1
Malacostraca,Marine,Hemigrapsus,epa,10.6
Malacostraca,Marine,Homarus,ala,0.81
Malacostraca,Marine,Homarus,dha,10.03
Malacostraca,Marine,Homarus,epa,17.746666666666666
Malacostraca,Marine,Hyale,ala,8.9
Malacostraca,Marine,Hyale,dha,2.08
Malacostraca,Marine,Hyale,epa,5.92
Malacostraca,Marine,Hyas,ala,0
Malacostraca,Marine,Hyas,dha,16.4
Malacostraca,Marine,Hyas,epa,22.4
Malacostraca,Marine,Hymenosoma,ala,1
Malacostraca,Marine,Hymenosoma,dha,3.1
Malacostraca,Marine,Hymenosoma,epa,12.1
Malacostraca,Marine,Idotea,ala,1.34
Malacostraca,Marine,Idotea,dha,3.94
Malacostraca,Marine,Idotea,epa,2.89
Malacostraca,Marine,Isaeidae,ala,0.9
Malacostraca,Marine,Isaeidae,dha,3
Malacostraca,Marine,Isaeidae,epa,13
Malacostraca,Marine,Jassa,ala,17.67
Malacostraca,Marine,Jassa,dha,11.84
Malacostraca,Marine,Jassa,epa,0.73
Malacostraca,Marine,Maja,ala,0
Malacostraca,Marine,Maja,dha,12.53
Malacostraca,Marine,Maja,epa,22.1
Malacostraca,Marine,Malacostraca,ala,0
Malacostraca,Marine,Malacostraca,dha,13.2
Malacostraca,Marine,Malacostraca,epa,30.2
Malacostraca,Marine,Meganyctiphanes,ala,8.209102564102565
Malacostraca,Marine,Meganyctiphanes,dha,18.96119658119658
Malacostraca,Marine,Meganyctiphanes,epa,3.6945726495726494
Malacostraca,Marine,Metanephrops,ala,0.59
Malacostraca,Marine,Metanephrops,dha,10.98
Malacostraca,Marine,Metanephrops,epa,10.79
Malacostraca,Marine,Metapenaeus,ala,0.185
Malacostraca,Marine,Metapenaeus,dha,8.48
Malacostraca,Marine,Metapenaeus,epa,11.075000000000001
Malacostraca,Marine,Monoculodes,ala,14
Malacostraca,Marine,Monoculodes,dha,7.1
Malacostraca,Marine,Monoporeia,ala,5.4
Malacostraca,Marine,Monoporeia,dha,1.9
Malacostraca,Marine,Munida,ala,0
Malacostraca,Marine,Munida,dha,18.7
Malacostraca,Marine,Munida,epa,24.9
Malacostraca,Marine,Mysis,ala,4.908518518518519
Malacostraca,Marine,Mysis,dha,4.544814814814814
Malacostraca,Marine,Mysis,epa,6.505000000000001
Malacostraca,Marine,Nectocarcinus,ala,2.1
Malacostraca,Marine,Nectocarcinus,dha,3.6
Malacostraca,Marine,Nectocarcinus,epa,15.9
Malacostraca,Marine,Neomysis,ala,18.433333333333334
Malacostraca,Marine,Neomysis,dha,13.116666666666667
Malacostraca,Marine,Neomysis,epa,1.3166666666666667
Malacostraca,Marine,Nephrops,ala,0.5
Malacostraca,Marine,Nephrops,dha,22.4
Malacostraca,Marine,Nephrops,epa,13.325
Malacostraca,Marine,Nyctiphanes,ala,2.878
Malacostraca,Marine,Nyctiphanes,dha,21.32666666666667
Malacostraca,Marine,Nyctiphanes,epa,19.533333333333328
Malacostraca,Marine,Ocypodidae,ala,2.3
Malacostraca,Marine,Ocypodidae,dha,9.7
Malacostraca,Marine,Ocypodidae,epa,19.2
Malacostraca,Marine,Onisimus,ala,5.2
Malacostraca,Marine,Onisimus,dha,3.79
Malacostraca,Marine,Onisimus,epa,13.24
Malacostraca,Marine,Pagurus,ala,0
Malacostraca,Marine,Pagurus,dha,12.8
Malacostraca,Marine,Pagurus,epa,22.6
Malacostraca,Marine,Palaemon,ala,1.125
Malacostraca,Marine,Palaemon,dha,6.324999999999999
Malacostraca,Marine,Palaemon,epa,11.175
Malacostraca,Marine,Palaemonetes,ala,1.815
Malacostraca,Marine,Palaemonetes,dha,6.065
Malacostraca,Marine,Palaemonetes,epa,12.235
Malacostraca,Marine,Pandalus,ala,0.865
Malacostraca,Marine,Pandalus,dha,13.965
Malacostraca,Marine,Pandalus,epa,18.2775
Malacostraca,Marine,Panulirus,ala,0
Malacostraca,Marine,Panulirus,dha,12.284999999999998
Malacostraca,Marine,Panulirus,epa,10.82
Malacostraca,Marine,Paralithodes,ala,1.1566666666666665
Malacostraca,Marine,Paralithodes,dha,11.293333333333333
Malacostraca,Marine,Paralithodes,epa,27.2
Malacostraca,Marine,Parapenaeus,ala,0
Malacostraca,Marine,Parapenaeus,dha,19.7
Malacostraca,Marine,Parapenaeus,epa,14.4
Malacostraca,Marine,Penaeus,ala,0.33562499999999995
Malacostraca,Marine,Penaeus,dha,12.210625
Malacostraca,Marine,Penaeus,epa,11.8825
Malacostraca,Marine,Plagusia,ala,1.3
Malacostraca,Marine,Plagusia,dha,12
Malacostraca,Marine,Plagusia,epa,14.9
Malacostraca,Marine,Pontoporeia,ala,4
Malacostraca,Marine,Pontoporeia,dha,0.7
Malacostraca,Marine,Portunus,ala,0.7583333333333334
Malacostraca,Marine,Portunus,dha,13.683333333333334
Malacostraca,Marine,Portunus,epa,13.366666666666667
Malacostraca,Marine,Sabinea,ala,0
Malacostraca,Marine,Sabinea,dha,16.5
Malacostraca,Marine,Sabinea,epa,25.9
Malacostraca,Marine,Saduria,ala,2.2
Malacostraca,Marine,Saduria,dha,9.3
Malacostraca,Marine,Sclerocrangon,ala,0
Malacostraca,Marine,Sclerocrangon,dha,13.6
Malacostraca,Marine,Sclerocrangon,epa,23.15
Malacostraca,Marine,Sergia,ala,0.6
Malacostraca,Marine,Sergia,dha,24.3
Malacostraca,Marine,Sergia,epa,4.7
Malacostraca,Marine,Sesarma,ala,3.5999999999999996
Malacostraca,Marine,Sesarma,dha,1.4
Malacostraca,Marine,Sesarma,epa,7.699999999999999
Malacostraca,Marine,Sphaeroma,ala,1.22
Malacostraca,Marine,Sphaeroma,dha,3.22
Malacostraca,Marine,Sphaeroma,epa,5.18
Malacostraca,Marine,Squilla,ala,1
Malacostraca,Marine,Squilla,dha,12
Malacostraca,Marine,Squilla,epa,11.9
Malacostraca,Marine,Stegocephalus,ala,0.5
Malacostraca,Marine,Stegocephalus,dha,17.6
Malacostraca,Marine,Stegocephalus,epa,22.5
Malacostraca,Marine,Systellaspis,ala,1.5
Malacostraca,Marine,Systellaspis,dha,2.2
Malacostraca,Marine,Systellaspis,epa,11
Malacostraca,Marine,Themisto,ala,0
Malacostraca,Marine,Themisto,dha,16.9
Malacostraca,Marine,Themisto,epa,25.2
Malacostraca,Marine,Thymops,ala,0
Malacostraca,Marine,Thymops,dha,14.6
Malacostraca,Marine,Thymops,epa,24.4
Malacostraca,Marine,Thysanoessa,ala,3.2333333333333334
Malacostraca,Marine,Thysanoessa,dha,7.372857142857143
Malacostraca,Marine,Thysanoessa,epa,11.706190476190477
Malacostraca,Marine,Upogebia,ala,1.9
Malacostraca,Marine,Upogebia,dha,5.4
Malacostraca,Marine,Upogebia,epa,13.8
Bivalvia,Freshwater,Dreissena,ala,6.65
Bivalvia,Freshwater,Dreissena,dha,7.4
Bivalvia,Freshwater,Dreissena,epa,1.35
Bivalvia,Marine,Anadara,ala,0
Bivalvia,Marine,Anadara,dha,0
Bivalvia,Marine,Anadara,epa,29.1
Bivalvia,Marine,Arca,ala,0
Bivalvia,Marine,Arca,dha,0
Bivalvia,Marine,Arca,epa,0
Bivalvia,Marine,Arcidae,ala,0.77
Bivalvia,Marine,Arcidae,dha,12.2
Bivalvia,Marine,Arcidae,epa,19.5
Bivalvia,Marine,Argopecten,ala,0.8
Bivalvia,Marine,Argopecten,dha,24.65
Bivalvia,Marine,Argopecten,epa,12.95
Bivalvia,Marine,Austrovenus,ala,0.7
Bivalvia,Marine,Austrovenus,dha,14.7
Bivalvia,Marine,Austrovenus,epa,6.55
Bivalvia,Marine,Axinopsida,ala,0.9
Bivalvia,Marine,Axinopsida,dha,5.7
Bivalvia,Marine,Axinopsida,epa,8.1
Bivalvia,Marine,Bathymodiolus,ala,0.16666666666666666
Bivalvia,Marine,Bathymodiolus,dha,3.083333333333334
Bivalvia,Marine,Bathymodiolus,epa,5.819999999999999
Bivalvia,Marine,Bivalvia,ala,0.8300000000000001
Bivalvia,Marine,Bivalvia,dha,17.925
Bivalvia,Marine,Bivalvia,epa,16.5975
Bivalvia,Marine,Callista,ala,0
Bivalvia,Marine,Callista,dha,0
Bivalvia,Marine,Callista,epa,25
Bivalvia,Marine,Calyptogena,ala,0
Bivalvia,Marine,Calyptogena,dha,0
Bivalvia,Marine,Calyptogena,epa,0
Bivalvia,Marine,Cardiidae,ala,1.15
Bivalvia,Marine,Cardiidae,dha,14.6
Bivalvia,Marine,Cardiidae,epa,21.2
Bivalvia,Marine,Chlamys,ala,1.12
Bivalvia,Marine,Chlamys,dha,19.53333333333333
Bivalvia,Marine,Chlamys,epa,16.666666666666664
Bivalvia,Marine,Chlamysfarreri  nipponensis,ala,0
Bivalvia,Marine,Chlamysfarreri  nipponensis,dha,0
Bivalvia,Marine,Chlamysfarreri  nipponensis,epa,15.6
Bivalvia,Marine,Crassostrea,ala,2.167477106227106
Bivalvia,Marine,Crassostrea,dha,15.31955586080586
Bivalvia,Marine,Crassostrea,epa,13.383759157509157
Bivalvia,Marine,Crenomytilus,ala,0.5
Bivalvia,Marine,Crenomytilus,dha,0
Bivalvia,Marine,Crenomytilus,epa,15.6
Bivalvia,Marine,Flexopecten,ala,1.62
Bivalvia,Marine,Flexopecten,dha,3.64
Bivalvia,Marine,Flexopecten,epa,3.29
Bivalvia,Marine,Geloina,ala,1.0333333333333332
Bivalvia,Marine,Geloina,dha,2.4
Bivalvia,Marine,Geloina,epa,1.0666666666666667
Bivalvia,Marine,Glycymeris,ala,0
Bivalvia,Marine,Glycymeris,dha,0
Bivalvia,Marine,Glycymeris,epa,1.7
Bivalvia,Marine,Hinnites,ala,13.555555555555555
Bivalvia,Marine,Hinnites,dha,0
Bivalvia,Marine,Hinnites,epa,22.11111111111111
Bivalvia,Marine,Kelliidae,ala,0.1
Bivalvia,Marine,Kelliidae,dha,5.9
Bivalvia,Marine,Kelliidae,epa,5.1
Bivalvia,Marine,Mactra,ala,0.6
Bivalvia,Marine,Mactra,dha,0
Bivalvia,Marine,Mactra,epa,1.5
Bivalvia,Marine,Megangulus,ala,0.1
Bivalvia,Marine,Megangulus,dha,13.175
Bivalvia,Marine,Megangulus,epa,17.45
Bivalvia,Marine,Mercenaria,ala,0.6
Bivalvia,Marine,Mercenaria,dha,0
Bivalvia,Marine,Mercenaria,epa,0
Bivalvia,Marine,Mesodesma,ala,1.3
Bivalvia,Marine,Mesodesma,dha,8.6
Bivalvia,Marine,Mesodesma,epa,13.066666666666668
Bivalvia,Marine,Modiolus,ala,0.3
Bivalvia,Marine,Modiolus,dha,0
Bivalvia,Marine,Modiolus,epa,10.2
Bivalvia,Marine,Mya,ala,0.1
Bivalvia,Marine,Mya,dha,4.67
Bivalvia,Marine,Mya,epa,20.3
Bivalvia,Marine,Mytilus,ala,1.1589916666666666
Bivalvia,Marine,Mytilus,dha,12.381652083333334
Bivalvia,Marine,Mytilus,epa,15.2293375
Bivalvia,Marine,Ostrea,ala,1.153125
Bivalvia,Marine,Ostrea,dha,17.6625
Bivalvia,Marine,Ostrea,epa,15.515625
Bivalvia,Marine,Paphies,ala,0.6
Bivalvia,Marine,Paphies,dha,14.833333333333334
Bivalvia,Marine,Paphies,epa,5.3999999999999995
Bivalvia,Marine,Patinopecten,ala,0.3
Bivalvia,Marine,Patinopecten,dha,2.3499999999999996
Bivalvia,Marine,Patinopecten,epa,18.991666666666667
Bivalvia,Marine,Pecten,ala,1.21
Bivalvia,Marine,Pecten,dha,14.9
Bivalvia,Marine,Pecten,epa,7.68
Bivalvia,Marine,Pectinidae,ala,0.675
Bivalvia,Marine,Pectinidae,dha,21.4
Bivalvia,Marine,Pectinidae,epa,20.1
Bivalvia,Marine,Perna,ala,1.2074305555555556
Bivalvia,Marine,Perna,dha,18.966180555555557
Bivalvia,Marine,Perna,epa,18.645555555555557
Bivalvia,Marine,Peronidia,ala,0
Bivalvia,Marine,Peronidia,dha,0
Bivalvia,Marine,Peronidia,epa,21.2
Bivalvia,Marine,Pillucina,ala,9.1
Bivalvia,Marine,Pillucina,dha,2.2
Bivalvia,Marine,Pillucina,epa,3.8
Bivalvia,Marine,Pinnidae,ala,0.32
Bivalvia,Marine,Pinnidae,dha,19.1
Bivalvia,Marine,Pinnidae,epa,14.3
Bivalvia,Marine,Placopecten,ala,0.63
Bivalvia,Marine,Placopecten,dha,24.9025
Bivalvia,Marine,Placopecten,epa,19.87875
Bivalvia,Marine,Reata pulchella,ala,1
Bivalvia,Marine,Reata pulchella,dha,10.6
Bivalvia,Marine,Reata pulchella,epa,12
Bivalvia,Marine,Ruditapes,ala,0.28
Bivalvia,Marine,Ruditapes,dha,17.5
Bivalvia,Marine,Ruditapes,epa,20.8
Bivalvia,Marine,Serripes,ala,0.7
Bivalvia,Marine,Serripes,dha,16.5
Bivalvia,Marine,Serripes,epa,22.6
Bivalvia,Marine,Spisula,ala,0.225
Bivalvia,Marine,Spisula,dha,7.15
Bivalvia,Marine,Spisula,epa,21.95
Bivalvia,Marine,Swiftopecten,ala,0.3
Bivalvia,Marine,Swiftopecten,dha,0
Bivalvia,Marine,Swiftopecten,epa,2.2
Bivalvia,Marine,Tapes,ala,1
Bivalvia,Marine,Tapes,dha,22.55
Bivalvia,Marine,Tapes,epa,20.7
Bivalvia,Marine,Tegillarca,ala,0.73
Bivalvia,Marine,Tegillarca,dha,14.5
Bivalvia,Marine,Tegillarca,epa,17.8
Bivalvia,Marine,Tellinidae,ala,2.6149999999999998
Bivalvia,Marine,Tellinidae,dha,13.95
Bivalvia,Marine,Tellinidae,epa,6.91
Bivalvia,Marine,Theora,ala,1
Bivalvia,Marine,Theora,dha,10.4
Bivalvia,Marine,Theora,epa,13.2
Bivalvia,Marine,Veneridae,ala,0.15
Bivalvia,Marine,Veneridae,dha,22.1
Bivalvia,Marine,Veneridae,epa,7.68
Gastropoda,Freshwater,Gastropoda,ala,11.9
Gastropoda,Freshwater,Gastropoda,dha,0.9
Gastropoda,Freshwater,Pila,ala,0.675
Gastropoda,Freshwater,Pila,dha,4.49
Gastropoda,Freshwater,Pila,epa,0.81
Gastropoda,Marine,Austrocochlea,ala,4.6
Gastropoda,Marine,Austrocochlea,dha,1.6
Gastropoda,Marine,Austrocochlea,epa,10.4
Gastropoda,Marine,Bellamya,ala,1.3499999999999999
Gastropoda,Marine,Bellamya,dha,0.5
Gastropoda,Marine,Bellamya,epa,2.6500000000000004
Gastropoda,Marine,Buccinidae,ala,0.265
Gastropoda,Marine,Buccinidae,dha,8.145
Gastropoda,Marine,Buccinidae,epa,9.695
Gastropoda,Marine,Buccinulum,ala,1.75
Gastropoda,Marine,Buccinulum,dha,22.950000000000003
Gastropoda,Marine,Buccinulum,epa,22.5
Gastropoda,Marine,Cellana,ala,2.8875
Gastropoda,Marine,Cellana,dha,0.1
Gastropoda,Marine,Cellana,epa,22.25
Gastropoda,Marine,Chromodoris,ala,0
Gastropoda,Marine,Chromodoris,dha,1
Gastropoda,Marine,Chromodoris,epa,0.6
Gastropoda,Marine,Clione,ala,0.75
Gastropoda,Marine,Clione,dha,15.25
Gastropoda,Marine,Clione,epa,13.9
Gastropoda,Marine,Cominella,ala,0.6
Gastropoda,Marine,Cominella,dha,0
Gastropoda,Marine,Cominella,epa,4.7
Gastropoda,Marine,Dendrodoris,ala,0.41
Gastropoda,Marine,Dendrodoris,dha,0.26
Gastropoda,Marine,Dendrodoris,epa,2.4
Gastropoda,Marine,Gastropoda,ala,2.94
Gastropoda,Marine,Gastropoda,dha,0.15
Gastropoda,Marine,Gastropoda,epa,7.79
Gastropoda,Marine,Gibbula,ala,12.19
Gastropoda,Marine,Gibbula,dha,1.71
Gastropoda,Marine,Gibbula,epa,0.44
Gastropoda,Marine,Haliotidae,ala,2.8
Gastropoda,Marine,Haliotidae,dha,0.14
Gastropoda,Marine,Haliotidae,epa,7.35
Gastropoda,Marine,Haliotis,ala,0.96
Gastropoda,Marine,Haliotis,dha,0.2
Gastropoda,Marine,Haliotis,epa,7.344444444444445
Gastropoda,Marine,Lepsiella,ala,0.6499999999999999
Gastropoda,Marine,Lepsiella,dha,3.25
Gastropoda,Marine,Lepsiella,epa,6.1
Gastropoda,Marine,Limacina,ala,1.4500000000000002
Gastropoda,Marine,Limacina,dha,19.566666666666666
Gastropoda,Marine,Limacina,epa,26.183333333333334
Gastropoda,Marine,Littorina,ala,6.088
Gastropoda,Marine,Littorina,dha,1.258
Gastropoda,Marine,Littorina,epa,7.45
Gastropoda,Marine,Lunatia,ala,0.21
Gastropoda,Marine,Lunatia,dha,7.55
Gastropoda,Marine,Lunatia,epa,12.45
Gastropoda,Marine,Monodonta,ala,9.02
Gastropoda,Marine,Monodonta,dha,2.02
Gastropoda,Marine,Monodonta,epa,0.64
Gastropoda,Marine,Muricidae,ala,0
Gastropoda,Marine,Muricidae,dha,3.75
Gastropoda,Marine,Muricidae,epa,16.8
Gastropoda,Marine,Nassa,ala,13.91
Gastropoda,Marine,Nassa,dha,3.8
Gastropoda,Marine,Nassa,epa,0.27
Gastropoda,Marine,Nassarius,ala,13.38
Gastropoda,Marine,Nassarius,dha,3.62
Gastropoda,Marine,Nassarius,epa,0.31
Gastropoda,Marine,Naticidae,ala,0.2
Gastropoda,Marine,Naticidae,dha,8.84
Gastropoda,Marine,Naticidae,epa,13.2
Gastropoda,Marine,Nerita,ala,1.35
Gastropoda,Marine,Nerita,dha,0.15000000000000002
Gastropoda,Marine,Nerita,epa,2.5
Gastropoda,Marine,Nodilittorina,ala,12.57
Gastropoda,Marine,Nodilittorina,dha,2.9
Gastropoda,Marine,Nodilittorina,epa,0.37
Gastropoda,Marine,Patella,ala,1.9125885263738578
Gastropoda,Marine,Patella,dha,0.28657978908708887
Gastropoda,Marine,Patella,epa,12.305111172630118
Gastropoda,Marine,Patelloida,ala,0.3
Gastropoda,Marine,Patelloida,dha,0.3
Gastropoda,Marine,Patelloida,epa,11.8
Gastropoda,Marine,Phyllidia,ala,0
Gastropoda,Marine,Phyllidia,dha,1
Gastropoda,Marine,Phyllidia,epa,0.6
Gastropoda,Marine,Phyllonotus,ala,0.8500000000000001
Gastropoda,Marine,Phyllonotus,dha,22.95
Gastropoda,Marine,Phyllonotus,epa,19.8
Gastropoda,Marine,PIanaxis  sulcata,ala,13.75
Gastropoda,Marine,PIanaxis  sulcata,dha,2.95
Gastropoda,Marine,PIanaxis  sulcata,epa,0.28
Gastropoda,Marine,Poneroplax,ala,0.375
Gastropoda,Marine,Poneroplax,dha,0.275
Gastropoda,Marine,Poneroplax,epa,16.725
Gastropoda,Marine,Pseudoliotia,ala,1.7
Gastropoda,Marine,Pseudoliotia,dha,12.3
Gastropoda,Marine,Pseudoliotia,epa,10.3
Gastropoda,Marine,Ranellidae,ala,0.11
Gastropoda,Marine,Ranellidae,dha,0.5
Gastropoda,Marine,Ranellidae,epa,3.96
Gastropoda,Marine,Rissoidae,ala,0
Gastropoda,Marine,Rissoidae,dha,0
Gastropoda,Marine,Rissoidae,epa,2
Gastropoda,Marine,Siphonaria,ala,4.983333333333333
Gastropoda,Marine,Siphonaria,dha,0
Gastropoda,Marine,Siphonaria,epa,27.73333333333333
Gastropoda,Marine,Subninella,ala,4.7
Gastropoda,Marine,Subninella,dha,0.35
Gastropoda,Marine,Subninella,epa,12.1
Gastropoda,Marine,Telescopium,ala,3
Gastropoda,Marine,Telescopium,dha,2.55
Gastropoda,Marine,Telescopium,epa,4.75
Gastropoda,Marine,Trochidae,ala,1.32
Gastropoda,Marine,Trochidae,dha,2.42
Gastropoda,Marine,Trochidae,epa,8.98
Gastropoda,Marine,Turbinidae,ala,0.6499999999999999
Gastropoda,Marine,Turbinidae,dha,4.17
Gastropoda,Marine,Turbinidae,epa,7.365
Gastropoda,Marine,Turbo,ala,1.075
Gastropoda,Marine,Turbo,dha,0.5
Gastropoda,Marine,Turbo,epa,4.55
Gastropoda,Marine,Zafra,ala,1.1
Gastropoda,Marine,Zafra,dha,9.6
Gastropoda,Marine,Zafra,epa,6.2
Cephalopoda,Marine,Ancistrocheirus,ala,0.5
Cephalopoda,Marine,Ancistrocheirus,dha,15
Cephalopoda,Marine,Ancistrocheirus,epa,10.1
Cephalopoda,Marine,Architeuthis,ala,0.16
Cephalopoda,Marine,Architeuthis,dha,18.134999999999998
Cephalopoda,Marine,Architeuthis,epa,8.879999999999999
Cephalopoda,Marine,Argonauta,ala,0.5
Cephalopoda,Marine,Argonauta,dha,25.5
Cephalopoda,Marine,Argonauta,epa,7.1
Cephalopoda,Marine,Berryteuthis,ala,0.87
Cephalopoda,Marine,Berryteuthis,dha,16.849999999999998
Cephalopoda,Marine,Berryteuthis,epa,12.263333333333334
Cephalopoda,Marine,Chiroteuthis,ala,0.4
Cephalopoda,Marine,Chiroteuthis,dha,26.3
Cephalopoda,Marine,Chiroteuthis,epa,12.8
Cephalopoda,Marine,Eledone,ala,0.07
Cephalopoda,Marine,Eledone,dha,24.336666666666666
Cephalopoda,Marine,Eledone,epa,13.676666666666666
Cephalopoda,Marine,Enteroctopus,ala,0.32
Cephalopoda,Marine,Enteroctopus,dha,8.66
Cephalopoda,Marine,Enteroctopus,epa,6.29
Cephalopoda,Marine,Eucleoteuthis,ala,0.3
Cephalopoda,Marine,Eucleoteuthis,dha,40.2
Cephalopoda,Marine,Eucleoteuthis,epa,11.7
Cephalopoda,Marine,Gonatidae,ala,0.32
Cephalopoda,Marine,Gonatidae,dha,25.38
Cephalopoda,Marine,Gonatidae,epa,15.8
Cephalopoda,Marine,Gonatus,ala,0
Cephalopoda,Marine,Gonatus,dha,36.3
Cephalopoda,Marine,Gonatus,epa,15.6
Cephalopoda,Marine,Helicobranchus,ala,0.7
Cephalopoda,Marine,Helicobranchus,dha,13.1
Cephalopoda,Marine,Helicobranchus,epa,9.3
Cephalopoda,Marine,Helicocranchia,ala,0.7
Cephalopoda,Marine,Helicocranchia,dha,13.1
Cephalopoda,Marine,Helicocranchia,epa,9.3
Cephalopoda,Marine,Heliobranchia,ala,0.7
Cephalopoda,Marine,Heliobranchia,dha,13.1
Cephalopoda,Marine,Heliobranchia,epa,9.3
Cephalopoda,Marine,Hesiobranchia,ala,0.7
Cephalopoda,Marine,Hesiobranchia,dha,13.1
Cephalopoda,Marine,Hesiobranchia,epa,9.3
Cephalopoda,Marine,Histioteuthis,ala,0.6499999999999999
Cephalopoda,Marine,Histioteuthis,dha,9.3
Cephalopoda,Marine,Histioteuthis,epa,10.350000000000001
Cephalopoda,Marine,Illex,ala,0.3
Cephalopoda,Marine,Illex,dha,33.77
Cephalopoda,Marine,Illex,epa,12.93
Cephalopoda,Marine,Loligo,ala,0.12926666666666667
Cephalopoda,Marine,Loligo,dha,28.025933333333334
Cephalopoda,Marine,Loligo,epa,15.3146
Cephalopoda,Marine,Lolliguncula,ala,0.17
Cephalopoda,Marine,Lolliguncula,dha,32.59
Cephalopoda,Marine,Lolliguncula,epa,15.51
Cephalopoda,Marine,Lycoteuthis,ala,0.5
Cephalopoda,Marine,Lycoteuthis,dha,18.5
Cephalopoda,Marine,Lycoteuthis,epa,9.4
Cephalopoda,Marine,Mastigoteuthis,ala,0.6000000000000001
Cephalopoda,Marine,Mastigoteuthis,dha,17.3
Cephalopoda,Marine,Mastigoteuthis,epa,9.4
Cephalopoda,Marine,Moroteuthis,ala,0
Cephalopoda,Marine,Moroteuthis,dha,35.09166666666667
Cephalopoda,Marine,Moroteuthis,epa,13.541666666666668
Cephalopoda,Marine,Nototodarus,ala,0.6633333333333333
Cephalopoda,Marine,Nototodarus,dha,33.05666666666667
Cephalopoda,Marine,Nototodarus,epa,11.3
Cephalopoda,Marine,Octopoteuthis,ala,0.5
Cephalopoda,Marine,Octopoteuthis,dha,23.3
Cephalopoda,Marine,Octopoteuthis,epa,10.4
Cephalopoda,Marine,Octopus,ala,0.5737067380896913
Cephalopoda,Marine,Octopus,dha,22.00768628999506
Cephalopoda,Marine,Octopus,epa,13.49594534266393
Cephalopoda,Marine,Ommastrephes,ala,0.19642857142857145
Cephalopoda,Marine,Ommastrephes,dha,30.014285714285712
Cephalopoda,Marine,Ommastrephes,epa,12.896428571428572
Cephalopoda,Marine,Rossia,ala,0.36
Cephalopoda,Marine,Rossia,dha,19.94
Cephalopoda,Marine,Rossia,epa,19.07
Cephalopoda,Marine,Sepia,ala,0.25319444444444444
Cephalopoda,Marine,Sepia,dha,29.536944444444444
Cephalopoda,Marine,Sepia,epa,17.012777777777778
Cephalopoda,Marine,Sepiolidae,ala,0.7
Cephalopoda,Marine,Sepiolidae,dha,22.5
Cephalopoda,Marine,Sepiolidae,epa,9.6
Cephalopoda,Marine,Sepioteuthis,ala,0
Cephalopoda,Marine,Sepioteuthis,dha,30.8
Cephalopoda,Marine,Sepioteuthis,epa,14.9
Cephalopoda,Marine,Slosarczykovia,ala,0.4
Cephalopoda,Marine,Slosarczykovia,dha,24.6
Cephalopoda,Marine,Slosarczykovia,epa,11.4
Cephalopoda,Marine,Sthenoteuthis,ala,0.2
Cephalopoda,Marine,Sthenoteuthis,dha,36.2
Cephalopoda,Marine,Sthenoteuthis,epa,9.8
Cephalopoda,Marine,Teuthowenia,ala,0.3
Cephalopoda,Marine,Teuthowenia,dha,7.8
Cephalopoda,Marine,Teuthowenia,epa,6.6
Cephalopoda,Marine,Todarodes,ala,0.2333333333333333
Cephalopoda,Marine,Todarodes,dha,30.6
Cephalopoda,Marine,Todarodes,epa,11.916666666666666
Cephalopoda,Marine,Todaropsis,ala,3.3
Cephalopoda,Marine,Todaropsis,dha,22.5
Cephalopoda,Marine,Todaropsis,epa,17.2
Clitellata,Freshwater,Hirudina,ala,15.399999999999999
Clitellata,Freshwater,Hirudina,dha,0.55
Clitellata,Freshwater,Hirudina,epa,3.7
Clitellata,Freshwater,Hirundinea,ala,15.399999999999999
Clitellata,Freshwater,Hirundinea,dha,0.55
Clitellata,Freshwater,Hirundinea,epa,3.7
Clitellata,Freshwater,Lumbriculus,ala,15
Clitellata,Freshwater,Lumbriculus,dha,1.1
Clitellata,Freshwater,Lumbriculus,epa,3.3
Clitellata,Freshwater,Oligocheata,ala,12.399999999999999
Clitellata,Freshwater,Oligocheata,dha,0.8500000000000001
Clitellata,Freshwater,Oligocheata,epa,1.2
Clitellata,Freshwater,Tubifex,ala,15.4
Clitellata,Freshwater,Tubifex,dha,2.2
Clitellata,Freshwater,Tubifex,epa,2.4
Polychaeta,Marine,Alvinella,ala,2.766666666666666
Polychaeta,Marine,Alvinella,dha,0.05555555555555555
Polychaeta,Marine,Alvinella,epa,5.311111111111111
Polychaeta,Marine,Amathys,ala,0.44
Polychaeta,Marine,Amathys,dha,0
Polychaeta,Marine,Amathys,epa,0
Polychaeta,Marine,Artacama,ala,0.1
Polychaeta,Marine,Artacama,dha,6
Polychaeta,Marine,Artacama,epa,17.85
Polychaeta,Marine,Branchipolynoe,ala,0.53
Polychaeta,Marine,Branchipolynoe,dha,0
Polychaeta,Marine,Branchipolynoe,epa,0
Polychaeta,Marine,Chaetopterus,ala,1.1
Polychaeta,Marine,Chaetopterus,dha,13.6
Polychaeta,Marine,Chaetopterus,epa,14.6
Polychaeta,Marine,Hesiolyra,ala,9.899999999999999
Polychaeta,Marine,Hesiolyra,dha,2.15
Polychaeta,Marine,Hesiolyra,epa,12
Polychaeta,Marine,Laetmonice,ala,5.9
Polychaeta,Marine,Laetmonice,dha,4.2
Polychaeta,Marine,Laetmonice,epa,8.8
Polychaeta,Marine,Lanice,ala,0.0125
Polychaeta,Marine,Lanice,dha,8.7975
Polychaeta,Marine,Lanice,epa,12.6525
Polychaeta,Marine,Nephtys,ala,0.26875
Polychaeta,Marine,Nephtys,dha,9.709999999999999
Polychaeta,Marine,Nephtys,epa,17.04625
Polychaeta,Marine,Nereis,ala,1.3808333333333334
Polychaeta,Marine,Nereis,dha,0.7091666666666666
Polychaeta,Marine,Nereis,epa,6.993333333333333
Polychaeta,Marine,Onuphis,ala,1.2
Polychaeta,Marine,Onuphis,dha,4.3
Polychaeta,Marine,Onuphis,epa,35.3
Polychaeta,Marine,Paradiopatra,ala,6.6
Polychaeta,Marine,Paradiopatra,dha,3.6
Polychaeta,Marine,Paradiopatra,epa,12.3
Polychaeta,Marine,Paralvinella,ala,3.5999999999999996
Polychaeta,Marine,Paralvinella,dha,1.1
Polychaeta,Marine,Paralvinella,epa,8.05
Polychaeta,Marine,Protis,ala,0
Polychaeta,Marine,Protis,dha,3.05
Polychaeta,Marine,Protis,epa,4.15
Polychaeta,Marine,Ridgeia,ala,1.6
Polychaeta,Marine,Ridgeia,dha,0.4
Polychaeta,Marine,Ridgeia,epa,17.450000000000003
Polychaeta,Marine,Travisia,ala,6.3
Polychaeta,Marine,Travisia,dha,0.2
Polychaeta,Marine,Travisia,epa,2.2
