kingdom,class,order,family,genus,ecosystem,fa,mean_concentration
Bacteria,Alphaproteobacteria,Rhizobiales,Methylocystaceae,Methylosinus,Freshwater,ala,0
Bacteria,Alphaproteobacteria,Rhizobiales,Methylocystaceae,Methylosinus,Freshwater,dha,0
Bacteria,Alphaproteobacteria,Rhizobiales,Methylocystaceae,Methylosinus,Freshwater,epa,0
Bacteria,Betaproteobacteria,Burkholderiales,Burkholderiaceae,Polynucleobacter,Freshwater,ala,0
Bacteria,Betaproteobacteria,Burkholderiales,Burkholderiaceae,Polynucleobacter,Freshwater,dha,0
Bacteria,Betaproteobacteria,Burkholderiales,Burkholderiaceae,Polynucleobacter,Freshwater,epa,0
Bacteria,Chlorobea,Chlorobiales,Chlorobiaceae,Chlorobium,Freshwater,ala,0
Bacteria,Chlorobea,Chlorobiales,Chlorobiaceae,Chlorobium,Freshwater,dha,0
Bacteria,Chlorobea,Chlorobiales,Chlorobiaceae,Chlorobium,Freshwater,epa,0
Bacteria,Cyanophyceae,Chroococcales,Chroococcaceae,Aphanothece,Freshwater,ala,0
Bacteria,Cyanophyceae,Chroococcales,Chroococcaceae,Aphanothece,Freshwater,dha,0.5587082975
Bacteria,Cyanophyceae,Chroococcales,Chroococcaceae,Aphanothece,Freshwater,epa,0
Bacteria,Cyanophyceae,Chroococcales,Chroococcaceae,Chroococcus,Freshwater,ala,23.64
Bacteria,Cyanophyceae,Chroococcales,Chroococcaceae,Chroococcus,Freshwater,dha,0
Bacteria,Cyanophyceae,Chroococcales,Chroococcaceae,Chroococcus,Freshwater,epa,0
Bacteria,Cyanophyceae,Chroococcales,Chroococcaceae,Merismopedia,Freshwater,ala,7.28
Bacteria,Cyanophyceae,Chroococcales,Chroococcaceae,Merismopedia,Freshwater,dha,0
Bacteria,Cyanophyceae,Chroococcales,Chroococcaceae,Merismopedia,Freshwater,epa,0
Bacteria,Cyanophyceae,Chroococcales,Chroococcaceae,Microcystis,Freshwater,ala,5.994174835727272
Bacteria,Cyanophyceae,Chroococcales,Chroococcaceae,Microcystis,Freshwater,dha,0
Bacteria,Cyanophyceae,Chroococcales,Chroococcaceae,Microcystis,Freshwater,epa,0.07008204127272727
Bacteria,Cyanophyceae,Chroococcales,Chroococcaceae,Synechococcus,Freshwater,ala,0
Bacteria,Cyanophyceae,Chroococcales,Chroococcaceae,Synechococcus,Freshwater,dha,0
Bacteria,Cyanophyceae,Chroococcales,Chroococcaceae,Synechococcus,Freshwater,epa,0
Bacteria,Cyanophyceae,Chroococcales,Chroococcaceae,Synechocystis,Freshwater,ala,8.49
Bacteria,Cyanophyceae,Chroococcales,Chroococcaceae,Synechocystis,Freshwater,dha,0
Bacteria,Cyanophyceae,Chroococcales,Chroococcaceae,Synechocystis,Freshwater,epa,0
Bacteria,Cyanophyceae,Nostocales,Microchaetaceae,Nodularia,Freshwater,ala,7.737
Bacteria,Cyanophyceae,Nostocales,Microchaetaceae,Nodularia,Freshwater,dha,0
Bacteria,Cyanophyceae,Nostocales,Microchaetaceae,Nodularia,Freshwater,epa,0
Bacteria,Cyanophyceae,Nostocales,Nostocaceae,Anabaena,Freshwater,ala,22.655738782041666
Bacteria,Cyanophyceae,Nostocales,Nostocaceae,Anabaena,Freshwater,dha,0
Bacteria,Cyanophyceae,Nostocales,Nostocaceae,Anabaena,Freshwater,epa,0.017150824166666665
Bacteria,Cyanophyceae,Nostocales,Nostocaceae,Anabaenopsis,Freshwater,ala,9.3576
Bacteria,Cyanophyceae,Nostocales,Nostocaceae,Anabaenopsis,Freshwater,dha,0
Bacteria,Cyanophyceae,Nostocales,Nostocaceae,Anabaenopsis,Freshwater,epa,0
Bacteria,Cyanophyceae,Nostocales,Nostocaceae,Aphanizomenon,Freshwater,ala,30.8
Bacteria,Cyanophyceae,Nostocales,Nostocaceae,Aphanizomenon,Freshwater,dha,0
Bacteria,Cyanophyceae,Nostocales,Nostocaceae,Aphanizomenon,Freshwater,epa,0
Bacteria,Cyanophyceae,Nostocales,Nostocaceae,Cylindrospermum,Freshwater,ala,13.4
Bacteria,Cyanophyceae,Nostocales,Nostocaceae,Cylindrospermum,Freshwater,dha,0
Bacteria,Cyanophyceae,Nostocales,Nostocaceae,Cylindrospermum,Freshwater,epa,0
Bacteria,Cyanophyceae,Nostocales,Nostocaceae,Nostoc,Freshwater,ala,9.990643317086956
Bacteria,Cyanophyceae,Nostocales,Nostocaceae,Nostoc,Freshwater,dha,0
Bacteria,Cyanophyceae,Nostocales,Nostocaceae,Nostoc,Freshwater,epa,0.06567826086956521
Bacteria,Cyanophyceae,Nostocales,Nostocaceae,Pseudanabaena,Freshwater,ala,18.6
Bacteria,Cyanophyceae,Nostocales,Nostocaceae,Pseudanabaena,Freshwater,dha,0
Bacteria,Cyanophyceae,Nostocales,Nostocaceae,Pseudanabaena,Freshwater,epa,0
Bacteria,Cyanophyceae,Nostocales,Oscillatoriaceae,Lyngbya,Freshwater,ala,13.47
Bacteria,Cyanophyceae,Nostocales,Oscillatoriaceae,Lyngbya,Freshwater,dha,0
Bacteria,Cyanophyceae,Nostocales,Oscillatoriaceae,Lyngbya,Freshwater,epa,0
Bacteria,Cyanophyceae,Nostocales,Oscillatoriaceae,Oscillatoria,Freshwater,ala,11.765260029999999
Bacteria,Cyanophyceae,Nostocales,Oscillatoriaceae,Oscillatoria,Freshwater,dha,0
Bacteria,Cyanophyceae,Nostocales,Oscillatoriaceae,Oscillatoria,Freshwater,epa,0
Bacteria,Cyanophyceae,Nostocales,Oscillatoriaceae,Planktothrix,Freshwater,ala,31.5
Bacteria,Cyanophyceae,Nostocales,Oscillatoriaceae,Planktothrix,Freshwater,dha,0
Bacteria,Cyanophyceae,Nostocales,Oscillatoriaceae,Planktothrix,Freshwater,epa,0
Bacteria,Cyanophyceae,Nostocales,Oscillatoriaceae,Spirulina,Freshwater,ala,0
Bacteria,Cyanophyceae,Nostocales,Oscillatoriaceae,Spirulina,Freshwater,dha,0
Bacteria,Cyanophyceae,Nostocales,Oscillatoriaceae,Spirulina,Freshwater,epa,0
Bacteria,Cyanophyceae,Nostocales,Oscillatoriaceae,Spirulina,Marine,ala,13.253571428571428
Bacteria,Cyanophyceae,Nostocales,Oscillatoriaceae,Spirulina,Marine,dha,0
Bacteria,Cyanophyceae,Nostocales,Oscillatoriaceae,Spirulina,Marine,epa,0
Bacteria,Cyanophyceae,Nostocales,Rivulariaceae,Calothrix,Freshwater,ala,4.9
Bacteria,Cyanophyceae,Nostocales,Rivulariaceae,Calothrix,Freshwater,dha,0
Bacteria,Cyanophyceae,Nostocales,Rivulariaceae,Calothrix,Freshwater,epa,0
Bacteria,Gammaproteobacteria,Methylococcales,Methylococcaceae,Methylobacter,Freshwater,ala,0
Bacteria,Gammaproteobacteria,Methylococcales,Methylococcaceae,Methylobacter,Freshwater,dha,0
Bacteria,Gammaproteobacteria,Methylococcales,Methylococcaceae,Methylobacter,Freshwater,epa,0
Bacteria,Gammaproteobacteria,Methylococcales,Methylococcaceae,Methylomonas,Freshwater,ala,0
Bacteria,Gammaproteobacteria,Methylococcales,Methylococcaceae,Methylomonas,Freshwater,dha,0
Bacteria,Gammaproteobacteria,Methylococcales,Methylococcaceae,Methylomonas,Freshwater,epa,0
Chromista,Bacillariophyceae,Achnanthales,Cocconeidaceae,Cocconeis,Marine,ala,0
Chromista,Bacillariophyceae,Achnanthales,Cocconeidaceae,Cocconeis,Marine,dha,1.69312
Chromista,Bacillariophyceae,Achnanthales,Cocconeidaceae,Cocconeis,Marine,epa,6.57712
Chromista,Bacillariophyceae,Bacillariales,Bacillariaceae,Cylindrotheca,Marine,ala,0.02025
Chromista,Bacillariophyceae,Bacillariales,Bacillariaceae,Cylindrotheca,Marine,dha,0.027
Chromista,Bacillariophyceae,Bacillariales,Bacillariaceae,Cylindrotheca,Marine,epa,0.323976
Chromista,Bacillariophyceae,Bacillariales,Bacillariaceae,Nitzschia,Marine,ala,0.8360155416666667
Chromista,Bacillariophyceae,Bacillariales,Bacillariaceae,Nitzschia,Marine,dha,0.7110806527777778
Chromista,Bacillariophyceae,Bacillariales,Bacillariaceae,Nitzschia,Marine,epa,10.74628219047619
Chromista,Bacillariophyceae,Chaetocerotales,Chaetocerotaceae,Chaetoceros,Marine,ala,1.1731345837906977
Chromista,Bacillariophyceae,Chaetocerotales,Chaetocerotaceae,Chaetoceros,Marine,dha,0.889017739383721
Chromista,Bacillariophyceae,Chaetocerotales,Chaetocerotaceae,Chaetoceros,Marine,epa,9.340381060174419
Chromista,Bacillariophyceae,Coscinodiscales,Coscinodiscaceae,Coscinodiscus,Marine,ala,2.33
Chromista,Bacillariophyceae,Coscinodiscales,Coscinodiscaceae,Coscinodiscus,Marine,dha,2.87
Chromista,Bacillariophyceae,Coscinodiscales,Coscinodiscaceae,Coscinodiscus,Marine,epa,13.59
Chromista,Bacillariophyceae,Fragilariales,Fragilariaceae,Diatoma,Freshwater,ala,0.3
Chromista,Bacillariophyceae,Fragilariales,Fragilariaceae,Diatoma,Freshwater,dha,0.9
Chromista,Bacillariophyceae,Fragilariales,Fragilariaceae,Diatoma,Freshwater,epa,40.6
Chromista,Bacillariophyceae,Fragilariales,Fragilariaceae,Fragilaria,Freshwater,ala,0
Chromista,Bacillariophyceae,Fragilariales,Fragilariaceae,Fragilaria,Freshwater,dha,0.9
Chromista,Bacillariophyceae,Fragilariales,Fragilariaceae,Fragilaria,Freshwater,epa,14.1
Chromista,Bacillariophyceae,Fragilariales,Fragilariaceae,Synedra,Marine,ala,1.597829299
Chromista,Bacillariophyceae,Fragilariales,Fragilariaceae,Synedra,Marine,dha,1.49770898
Chromista,Bacillariophyceae,Fragilariales,Fragilariaceae,Synedra,Marine,epa,11.01292807
Chromista,Bacillariophyceae,Melosirales,Melosiraceae,Melosira,Marine,ala,0.1796
Chromista,Bacillariophyceae,Melosirales,Melosiraceae,Melosira,Marine,dha,0.259389
Chromista,Bacillariophyceae,Melosirales,Melosiraceae,Melosira,Marine,epa,1.124019
Chromista,Bacillariophyceae,Naviculales,Naviculaceae,Amphiprora,Marine,ala,1.4
Chromista,Bacillariophyceae,Naviculales,Naviculaceae,Amphiprora,Marine,dha,1.9
Chromista,Bacillariophyceae,Naviculales,Naviculaceae,Amphiprora,Marine,epa,30
Chromista,Bacillariophyceae,Naviculales,Naviculaceae,Navicula,Marine,ala,0.6997402222222222
Chromista,Bacillariophyceae,Naviculales,Naviculaceae,Navicula,Marine,dha,1.0083505714285714
Chromista,Bacillariophyceae,Naviculales,Naviculaceae,Navicula,Marine,epa,10.48653111111111
Chromista,Bacillariophyceae,Naviculales,Naviculaceae,Seminavis,Marine,ala,0.215984
Chromista,Bacillariophyceae,Naviculales,Naviculaceae,Seminavis,Marine,dha,0.03375
Chromista,Bacillariophyceae,Naviculales,Naviculaceae,Seminavis,Marine,epa,9.5640415
Chromista,Bacillariophyceae,Naviculales,Phaeodactylaceae,Phaeodactylum,Marine,ala,1.5969715677794118
Chromista,Bacillariophyceae,Naviculales,Phaeodactylaceae,Phaeodactylum,Marine,dha,2.104173508397059
Chromista,Bacillariophyceae,Naviculales,Phaeodactylaceae,Phaeodactylum,Marine,epa,21.759566753794118
Chromista,Bacillariophyceae,Naviculales,Pinnulariaceae,Caloneis,Marine,ala,0.0761
Chromista,Bacillariophyceae,Naviculales,Pinnulariaceae,Caloneis,Marine,dha,0
Chromista,Bacillariophyceae,Naviculales,Pinnulariaceae,Caloneis,Marine,epa,4.899006
Chromista,Bacillariophyceae,Naviculales,Stauroneidaceae,Stauroneis,Marine,ala,1.54
Chromista,Bacillariophyceae,Naviculales,Stauroneidaceae,Stauroneis,Marine,dha,2.56
Chromista,Bacillariophyceae,Naviculales,Stauroneidaceae,Stauroneis,Marine,epa,25.13
Chromista,Bacillariophyceae,Thalassionematales,Thalassionemataceae,Thalassionema,Marine,ala,0.6
Chromista,Bacillariophyceae,Thalassionematales,Thalassionemataceae,Thalassionema,Marine,dha,1
Chromista,Bacillariophyceae,Thalassionematales,Thalassionemataceae,Thalassionema,Marine,epa,25.2
Chromista,Bacillariophyceae,Thalassionematales,Thalassionemataceae,Thalassiothrix,Marine,ala,1.4
Chromista,Bacillariophyceae,Thalassionematales,Thalassionemataceae,Thalassiothrix,Marine,dha,1.6
Chromista,Bacillariophyceae,Thalassionematales,Thalassionemataceae,Thalassiothrix,Marine,epa,12.9
Chromista,Bacillariophyceae,Thalassiophysales,Catenulaceae,Amphora,Marine,ala,0.26948
Chromista,Bacillariophyceae,Thalassiophysales,Catenulaceae,Amphora,Marine,dha,0.14806
Chromista,Bacillariophyceae,Thalassiophysales,Catenulaceae,Amphora,Marine,epa,8.5809172
Chromista,Bacillariophyceae,Thalassiosirales,Skeletonemataceae,Skeletonema,Marine,ala,1.5690163245714286
Chromista,Bacillariophyceae,Thalassiosirales,Skeletonemataceae,Skeletonema,Marine,dha,3.7635282984761904
Chromista,Bacillariophyceae,Thalassiosirales,Skeletonemataceae,Skeletonema,Marine,epa,12.721935512761904
Chromista,Bacillariophyceae,Thalassiosirales,Stephanodiscaceae,Cyclotella,Freshwater,ala,1.1456568000967742
Chromista,Bacillariophyceae,Thalassiosirales,Stephanodiscaceae,Cyclotella,Freshwater,dha,3.503886692903226
Chromista,Bacillariophyceae,Thalassiosirales,Stephanodiscaceae,Cyclotella,Freshwater,epa,0.9480707402903226
Chromista,Bacillariophyceae,Thalassiosirales,Thalassiosiraceae,Thalassiosira,Marine,ala,1.2233610353870967
Chromista,Bacillariophyceae,Thalassiosirales,Thalassiosiraceae,Thalassiosira,Marine,dha,3.7145582521451614
Chromista,Bacillariophyceae,Thalassiosirales,Thalassiosiraceae,Thalassiosira,Marine,epa,16.21975979866129
Chromista,Bacillariophyceae,Triceratiales,Triceratiaceae,Odontella,Marine,ala,0.7978181818181818
Chromista,Bacillariophyceae,Triceratiales,Triceratiaceae,Odontella,Marine,dha,2.9825454545454546
Chromista,Bacillariophyceae,Triceratiales,Triceratiaceae,Odontella,Marine,epa,26.72981818181818
Chromista,Chrysophyceae,Chromalinales,Chromulinaceae,Chromulina,Freshwater,ala,2.3215236079999997
Chromista,Chrysophyceae,Chromalinales,Chromulinaceae,Chromulina,Freshwater,dha,2.2530658425000003
Chromista,Chrysophyceae,Chromalinales,Chromulinaceae,Chromulina,Freshwater,epa,0
Chromista,Chrysophyceae,Ochromonadales,Ochromonadaceae,Pavlova,Marine,ala,2.4028189577380954
Chromista,Chrysophyceae,Ochromonadales,Ochromonadaceae,Pavlova,Marine,dha,8.961462777880952
Chromista,Chrysophyceae,Ochromonadales,Ochromonadaceae,Pavlova,Marine,epa,18.127774987571428
Chromista,Chrysophyceae,Ochromonadales,Synuraceae,Mallomonas,Freshwater,ala,8.5
Chromista,Chrysophyceae,Ochromonadales,Synuraceae,Mallomonas,Freshwater,dha,11
Chromista,Chrysophyceae,Ochromonadales,Synuraceae,Mallomonas,Freshwater,epa,7
Chromista,Chrysophyceae,Ochromonadales,Synuraceae,Synura,Freshwater,ala,13.4
Chromista,Chrysophyceae,Ochromonadales,Synuraceae,Synura,Freshwater,dha,5
Chromista,Chrysophyceae,Ochromonadales,Synuraceae,Synura,Freshwater,epa,2
Chromista,Cryptophyceae,Cryptomonadales,Cryptomonadaceae,Chroomonas,Marine,ala,14.6946
Chromista,Cryptophyceae,Cryptomonadales,Cryptomonadaceae,Chroomonas,Marine,dha,1.57735
Chromista,Cryptophyceae,Cryptomonadales,Cryptomonadaceae,Chroomonas,Marine,epa,8.95425
Chromista,Cryptophyceae,Cryptomonadales,Cryptomonadaceae,Cryptomonas,Freshwater,ala,24.390210670484375
Chromista,Cryptophyceae,Cryptomonadales,Cryptomonadaceae,Cryptomonas,Freshwater,dha,3.289769249875
Chromista,Cryptophyceae,Cryptomonadales,Cryptomonadaceae,Cryptomonas,Freshwater,epa,6.19717086484375
Chromista,Cryptophyceae,Cryptomonadales,Cryptomonadaceae,Rhodomonas,Freshwater,ala,34.2658562946
Chromista,Cryptophyceae,Cryptomonadales,Cryptomonadaceae,Rhodomonas,Freshwater,dha,2.5529626282
Chromista,Cryptophyceae,Cryptomonadales,Cryptomonadaceae,Rhodomonas,Freshwater,epa,16.3304046704
Chromista,Cryptophyceae,Cryptomonadales,Cryptomonadaceae,Rhodomonas,Marine,ala,13.27213135453846
Chromista,Cryptophyceae,Cryptomonadales,Cryptomonadaceae,Rhodomonas,Marine,dha,4.9782293478461535
Chromista,Cryptophyceae,Cryptomonadales,Cryptomonadaceae,Rhodomonas,Marine,epa,6.5713518394615384
Chromista,Dinophyceae,Gonyaulacales,Calciodinellaceae,Scrippsiella,Marine,ala,3.2208054795
Chromista,Dinophyceae,Gonyaulacales,Calciodinellaceae,Scrippsiella,Marine,dha,24.870360595
Chromista,Dinophyceae,Gonyaulacales,Calciodinellaceae,Scrippsiella,Marine,epa,1.2598571718333333
Chromista,Dinophyceae,Gonyaulacales,Goniodomataceae,Alexandrium,Marine,ala,1.076035982
Chromista,Dinophyceae,Gonyaulacales,Goniodomataceae,Alexandrium,Marine,dha,16.69289309
Chromista,Dinophyceae,Gonyaulacales,Goniodomataceae,Alexandrium,Marine,epa,3.549248908
Chromista,Dinophyceae,Gonyaulacales,Pyrophacaceae,Fragilidium,Marine,ala,0.3
Chromista,Dinophyceae,Gonyaulacales,Pyrophacaceae,Fragilidium,Marine,dha,26.3
Chromista,Dinophyceae,Gonyaulacales,Pyrophacaceae,Fragilidium,Marine,epa,20.9
Chromista,Dinophyceae,Gymnodiniales,Gymnodiniaceae,Amphidinium,Marine,ala,2.8504048583333335
Chromista,Dinophyceae,Gymnodiniales,Gymnodiniaceae,Amphidinium,Marine,dha,15.326135852499998
Chromista,Dinophyceae,Gymnodiniales,Gymnodiniaceae,Amphidinium,Marine,epa,8.577916666666667
Chromista,Dinophyceae,Gymnodiniales,Gymnodiniaceae,Gymnodinium,Marine,ala,2.5386382523
Chromista,Dinophyceae,Gymnodiniales,Gymnodiniaceae,Gymnodinium,Marine,dha,20.979264156
Chromista,Dinophyceae,Gymnodiniales,Gymnodiniaceae,Gymnodinium,Marine,epa,10.6041817147
Chromista,Dinophyceae,Peridiniales,Glenodiniaceae,Peridiniopsis,Freshwater,ala,0
Chromista,Dinophyceae,Peridiniales,Glenodiniaceae,Peridiniopsis,Freshwater,dha,8.201458318
Chromista,Dinophyceae,Peridiniales,Glenodiniaceae,Peridiniopsis,Freshwater,epa,5.7917514955
Chromista,Dinophyceae,Peridiniales,Peridiniaceae,Heterocapsa,Marine,ala,2.7118126782500003
Chromista,Dinophyceae,Peridiniales,Peridiniaceae,Heterocapsa,Marine,dha,17.9579182735
Chromista,Dinophyceae,Peridiniales,Peridiniaceae,Heterocapsa,Marine,epa,0.155810418
Chromista,Dinophyceae,Peridiniales,Peridiniaceae,Peridinium,Freshwater,ala,4.02768259
Chromista,Dinophyceae,Peridiniales,Peridiniaceae,Peridinium,Freshwater,dha,13.134952949999999
Chromista,Dinophyceae,Peridiniales,Peridiniaceae,Peridinium,Freshwater,epa,8.9531994
Chromista,Dinophyceae,Prorocentrales,Prorocentraceae,Prorocentrum,Marine,ala,1.23240518725
Chromista,Dinophyceae,Prorocentrales,Prorocentraceae,Prorocentrum,Marine,dha,13.4945640025
Chromista,Dinophyceae,Prorocentrales,Prorocentraceae,Prorocentrum,Marine,epa,2.2469677897500002
Chromista,Dinophyceae,Suessiales,Symbiodiniaceae,Symbiodinium,Marine,ala,0.9
Chromista,Dinophyceae,Suessiales,Symbiodiniaceae,Symbiodinium,Marine,dha,9.9
Chromista,Dinophyceae,Suessiales,Symbiodiniaceae,Symbiodinium,Marine,epa,13.5
Chromista,Phaeophyceae,Desmarestiales,Desmarestiaceae,Desmarestia,Marine,ala,7.6000000000000005
Chromista,Phaeophyceae,Desmarestiales,Desmarestiaceae,Desmarestia,Marine,dha,0
Chromista,Phaeophyceae,Desmarestiales,Desmarestiaceae,Desmarestia,Marine,epa,15.15
Chromista,Phaeophyceae,Dictyosiphonales,Dictyosiphonaceae,Dictyosiphon,Marine,ala,8.8
Chromista,Phaeophyceae,Dictyosiphonales,Dictyosiphonaceae,Dictyosiphon,Marine,dha,0
Chromista,Phaeophyceae,Dictyosiphonales,Dictyosiphonaceae,Dictyosiphon,Marine,epa,18.5
Chromista,Phaeophyceae,Dictyosiphonales,Punctariaceae,Myelophycus,Marine,ala,7
Chromista,Phaeophyceae,Dictyosiphonales,Punctariaceae,Myelophycus,Marine,dha,0
Chromista,Phaeophyceae,Dictyosiphonales,Punctariaceae,Myelophycus,Marine,epa,23.8
Chromista,Phaeophyceae,Dictyosiphonales,Punctariaceae,Punctaria,Marine,ala,5.2
Chromista,Phaeophyceae,Dictyosiphonales,Punctariaceae,Punctaria,Marine,dha,0
Chromista,Phaeophyceae,Dictyosiphonales,Punctariaceae,Punctaria,Marine,epa,6.699999999999999
Chromista,Phaeophyceae,Dictyotales,Dictyotaceae,Dictyopteris,Marine,ala,9.5
Chromista,Phaeophyceae,Dictyotales,Dictyotaceae,Dictyopteris,Marine,dha,0
Chromista,Phaeophyceae,Dictyotales,Dictyotaceae,Dictyopteris,Marine,epa,9.8
Chromista,Phaeophyceae,Dictyotales,Dictyotaceae,Dictyota,Marine,ala,0
Chromista,Phaeophyceae,Dictyotales,Dictyotaceae,Dictyota,Marine,dha,0
Chromista,Phaeophyceae,Dictyotales,Dictyotaceae,Dictyota,Marine,epa,3.285
Chromista,Phaeophyceae,Dictyotales,Dictyotaceae,Taonia,Marine,ala,0
Chromista,Phaeophyceae,Dictyotales,Dictyotaceae,Taonia,Marine,dha,0.84
Chromista,Phaeophyceae,Dictyotales,Dictyotaceae,Taonia,Marine,epa,13.55
Chromista,Phaeophyceae,Ectocarpales,Chordariaceae,Analipus,Marine,ala,6.3
Chromista,Phaeophyceae,Ectocarpales,Chordariaceae,Analipus,Marine,dha,0
Chromista,Phaeophyceae,Ectocarpales,Chordariaceae,Analipus,Marine,epa,8
Chromista,Phaeophyceae,Ectocarpales,Chordariaceae,Sphaerotrichia,Marine,ala,8.3
Chromista,Phaeophyceae,Ectocarpales,Chordariaceae,Sphaerotrichia,Marine,dha,0
Chromista,Phaeophyceae,Ectocarpales,Chordariaceae,Sphaerotrichia,Marine,epa,12.5
Chromista,Phaeophyceae,Ectocarpales,Corynophlaeaceae,Leathesia,Marine,ala,3.4
Chromista,Phaeophyceae,Ectocarpales,Corynophlaeaceae,Leathesia,Marine,dha,0
Chromista,Phaeophyceae,Ectocarpales,Corynophlaeaceae,Leathesia,Marine,epa,9.95
Chromista,Phaeophyceae,Fucales,Cystoseiraceae,Cystoseira,Marine,ala,10.9
Chromista,Phaeophyceae,Fucales,Cystoseiraceae,Cystoseira,Marine,dha,0
Chromista,Phaeophyceae,Fucales,Cystoseiraceae,Cystoseira,Marine,epa,10.6
Chromista,Phaeophyceae,Fucales,Cystoseiraceae,Halidrys,Marine,ala,5.8
Chromista,Phaeophyceae,Fucales,Cystoseiraceae,Halidrys,Marine,dha,0
Chromista,Phaeophyceae,Fucales,Cystoseiraceae,Halidrys,Marine,epa,3.6
Chromista,Phaeophyceae,Fucales,Fucaceae,Ascophyllum,Marine,ala,2
Chromista,Phaeophyceae,Fucales,Fucaceae,Ascophyllum,Marine,dha,0
Chromista,Phaeophyceae,Fucales,Fucaceae,Ascophyllum,Marine,epa,4
Chromista,Phaeophyceae,Fucales,Fucaceae,Fucus,Marine,ala,4.5920000000000005
Chromista,Phaeophyceae,Fucales,Fucaceae,Fucus,Marine,dha,0.04
Chromista,Phaeophyceae,Fucales,Fucaceae,Fucus,Marine,epa,5.214
Chromista,Phaeophyceae,Fucales,Fucaceae,Pelvetia,Marine,ala,2.3
Chromista,Phaeophyceae,Fucales,Fucaceae,Pelvetia,Marine,dha,0
Chromista,Phaeophyceae,Fucales,Fucaceae,Pelvetia,Marine,epa,1.9
Chromista,Phaeophyceae,Fucales,Himanthaliaceae,Himanthalia,Marine,ala,7.779999999999999
Chromista,Phaeophyceae,Fucales,Himanthaliaceae,Himanthalia,Marine,dha,0
Chromista,Phaeophyceae,Fucales,Himanthaliaceae,Himanthalia,Marine,epa,4.135
Chromista,Phaeophyceae,Fucales,Sargassaceae,Sargassum,Marine,ala,5.6675
Chromista,Phaeophyceae,Fucales,Sargassaceae,Sargassum,Marine,dha,1.2191666666666667
Chromista,Phaeophyceae,Fucales,Sargassaceae,Sargassum,Marine,epa,6.3925
Chromista,Phaeophyceae,Laminariales,Alariaceae,Alaria,Marine,ala,9.3
Chromista,Phaeophyceae,Laminariales,Alariaceae,Alaria,Marine,dha,0.1
Chromista,Phaeophyceae,Laminariales,Alariaceae,Alaria,Marine,epa,12.899999999999999
Chromista,Phaeophyceae,Laminariales,Alariaceae,Pterygophora,Marine,ala,9.62
Chromista,Phaeophyceae,Laminariales,Alariaceae,Pterygophora,Marine,dha,0.1
Chromista,Phaeophyceae,Laminariales,Alariaceae,Pterygophora,Marine,epa,14.67
Chromista,Phaeophyceae,Laminariales,Chordaceae,Chorda,Marine,ala,8
Chromista,Phaeophyceae,Laminariales,Chordaceae,Chorda,Marine,dha,0
Chromista,Phaeophyceae,Laminariales,Chordaceae,Chorda,Marine,epa,13.2
Chromista,Phaeophyceae,Laminariales,Laminariaceae,Agarum,Marine,ala,4.1
Chromista,Phaeophyceae,Laminariales,Laminariaceae,Agarum,Marine,dha,0
Chromista,Phaeophyceae,Laminariales,Laminariaceae,Agarum,Marine,epa,9.2
Chromista,Phaeophyceae,Laminariales,Laminariaceae,Costaria,Marine,ala,3.8
Chromista,Phaeophyceae,Laminariales,Laminariaceae,Costaria,Marine,dha,0
Chromista,Phaeophyceae,Laminariales,Laminariaceae,Costaria,Marine,epa,5.6
Chromista,Phaeophyceae,Laminariales,Laminariaceae,Laminaria,Marine,ala,5.954615384615384
Chromista,Phaeophyceae,Laminariales,Laminariaceae,Laminaria,Marine,dha,0.023076923076923075
Chromista,Phaeophyceae,Laminariales,Laminariaceae,Laminaria,Marine,epa,14.932307692307692
Chromista,Phaeophyceae,Laminariales,Lessoniaceae,Nereocystis,Marine,ala,7.57
Chromista,Phaeophyceae,Laminariales,Lessoniaceae,Nereocystis,Marine,dha,0.1
Chromista,Phaeophyceae,Laminariales,Lessoniaceae,Nereocystis,Marine,epa,12.58
Chromista,Phaeophyceae,Scytosiphonales,Scytosiphonaceae,Colpomenia,Marine,ala,3.6
Chromista,Phaeophyceae,Scytosiphonales,Scytosiphonaceae,Colpomenia,Marine,dha,0
Chromista,Phaeophyceae,Scytosiphonales,Scytosiphonaceae,Colpomenia,Marine,epa,12.6
Chromista,Phaeophyceae,Scytosiphonales,Scytosiphonaceae,Petalonia,Marine,ala,5.3
Chromista,Phaeophyceae,Scytosiphonales,Scytosiphonaceae,Petalonia,Marine,dha,0
Chromista,Phaeophyceae,Scytosiphonales,Scytosiphonaceae,Petalonia,Marine,epa,15.4
Chromista,Phaeophyceae,Scytosiphonales,Scytosiphonaceae,Scytosiphon,Marine,ala,6.2
Chromista,Phaeophyceae,Scytosiphonales,Scytosiphonaceae,Scytosiphon,Marine,dha,0
Chromista,Phaeophyceae,Scytosiphonales,Scytosiphonaceae,Scytosiphon,Marine,epa,24.2
Chromista,Phaeophyceae,Sphacelariales,Cladostephaceae,Cladostephus,Marine,ala,0
Chromista,Phaeophyceae,Sphacelariales,Cladostephaceae,Cladostephus,Marine,dha,0
Chromista,Phaeophyceae,Sphacelariales,Cladostephaceae,Cladostephus,Marine,epa,11.46
Chromista,Phaeophyceae,Sphacelariales,Stypocaulaceae,Halopteris,Marine,ala,0
Chromista,Phaeophyceae,Sphacelariales,Stypocaulaceae,Halopteris,Marine,dha,0.99
Chromista,Phaeophyceae,Sphacelariales,Stypocaulaceae,Halopteris,Marine,epa,14.39
Chromista,Pinguiophyceae,Pinguiochrysidales,Pinguiochrysidaceae,Phaeomonas,Marine,ala,0
Chromista,Pinguiophyceae,Pinguiochrysidales,Pinguiochrysidaceae,Phaeomonas,Marine,dha,11
Chromista,Pinguiophyceae,Pinguiochrysidales,Pinguiochrysidaceae,Phaeomonas,Marine,epa,56
Chromista,Prymnesiophyceae,Isochrysidales,Isochrysidaceae,Isochrysis,Freshwater,ala,21.99572709
Chromista,Prymnesiophyceae,Isochrysidales,Isochrysidaceae,Isochrysis,Freshwater,dha,15.646590824499999
Chromista,Prymnesiophyceae,Isochrysidales,Isochrysidaceae,Isochrysis,Freshwater,epa,2.6230841375000002
Chromista,Prymnesiophyceae,Isochrysidales,Isochrysidaceae,Isochrysis,Marine,ala,4.932727675356165
Chromista,Prymnesiophyceae,Isochrysidales,Isochrysidaceae,Isochrysis,Marine,dha,8.887152559
Chromista,Prymnesiophyceae,Isochrysidales,Isochrysidaceae,Isochrysis,Marine,epa,1.5819619979436619
Chromista,Prymnesiophyceae,Prymnesiales,Chrysotilaceae,Chrysotila,Marine,ala,5.4
Chromista,Prymnesiophyceae,Prymnesiales,Chrysotilaceae,Chrysotila,Marine,dha,0.4
Chromista,Prymnesiophyceae,Prymnesiales,Chrysotilaceae,Chrysotila,Marine,epa,0.15
Chromista,Prymnesiophyceae,Prymnesiales,Phaeocystaceae,Phaeocystis,Marine,ala,4.4191666666666665
Chromista,Prymnesiophyceae,Prymnesiales,Phaeocystaceae,Phaeocystis,Marine,dha,1.245
Chromista,Prymnesiophyceae,Prymnesiales,Phaeocystaceae,Phaeocystis,Marine,epa,0.88
Chromista,Prymnesiophyceae,Prymnesiales,Syracosphaeraceae,Hymenomonas,Marine,ala,13.5
Chromista,Prymnesiophyceae,Prymnesiales,Syracosphaeraceae,Hymenomonas,Marine,dha,1.2
Chromista,Prymnesiophyceae,Prymnesiales,Syracosphaeraceae,Hymenomonas,Marine,epa,1.3
Chromista,Prymnesiophyceae,Prymnesiales,Syracosphaeraceae,Syracosphaera,Marine,ala,9.5
Chromista,Prymnesiophyceae,Prymnesiales,Syracosphaeraceae,Syracosphaera,Marine,dha,8.6
Chromista,Prymnesiophyceae,Prymnesiales,Syracosphaeraceae,Syracosphaera,Marine,epa,3.9
Chromista,Raphidophyceae,Chattonellales,Chattonellaceae,Heterosigma,Marine,ala,3.25
Chromista,Raphidophyceae,Chattonellales,Chattonellaceae,Heterosigma,Marine,dha,2.55
Chromista,Raphidophyceae,Chattonellales,Chattonellaceae,Heterosigma,Marine,epa,14
Chromista,Xanthophyceae,Chloramoebales,Heterochloridaceae,Phacomonas,Marine,ala,0
Chromista,Xanthophyceae,Chloramoebales,Heterochloridaceae,Phacomonas,Marine,dha,11
Chromista,Xanthophyceae,Chloramoebales,Heterochloridaceae,Phacomonas,Marine,epa,56
Fungi,Lecanoromycetes,Ostropales,Thelotremataceae,Diploschistes,Terrestrial,ala,6.93
Fungi,Lecanoromycetes,Ostropales,Thelotremataceae,Diploschistes,Terrestrial,dha,8.13
Fungi,Lecanoromycetes,Ostropales,Thelotremataceae,Diploschistes,Terrestrial,epa,3.6
Fungi,Lecanoromycetes,Peltigerales,Peltigeraceae,Peltigera,Terrestrial,ala,5.775
Fungi,Lecanoromycetes,Peltigerales,Peltigeraceae,Peltigera,Terrestrial,dha,2.94
Fungi,Lecanoromycetes,Peltigerales,Peltigeraceae,Peltigera,Terrestrial,epa,2.805
Fungi,Lecanoromycetes,Teloschistales,Physciaceae,Anaptychia,Terrestrial,ala,14.08
Fungi,Lecanoromycetes,Teloschistales,Physciaceae,Anaptychia,Terrestrial,dha,0.84
Fungi,Lecanoromycetes,Teloschistales,Physciaceae,Anaptychia,Terrestrial,epa,4.98
Fungi,Lecanoromycetes,Umbilicariales,Umbilicariaceae,Umbilicaria,Terrestrial,ala,4.19
Fungi,Lecanoromycetes,Umbilicariales,Umbilicariaceae,Umbilicaria,Terrestrial,dha,5.75
Fungi,Lecanoromycetes,Umbilicariales,Umbilicariaceae,Umbilicaria,Terrestrial,epa,5.95
Plantae,Bangiophyceae,Bangiales,Bangiaceae,Porphyra,Marine,ala,2
Plantae,Bangiophyceae,Bangiales,Bangiaceae,Porphyra,Marine,dha,0.02
Plantae,Bangiophyceae,Bangiales,Bangiaceae,Porphyra,Marine,epa,19.932
Plantae,Bryopsida,Dicranales,Dicranaceae,Dichodontium,Terrestrial,ala,20.633333333333333
Plantae,Bryopsida,Dicranales,Dicranaceae,Dichodontium,Terrestrial,dha,0
Plantae,Bryopsida,Dicranales,Dicranaceae,Dichodontium,Terrestrial,epa,1.7333333333333334
Plantae,Bryopsida,Hypnales,Fontinalaceae,Fontinalis,Terrestrial,ala,11.78181818
Plantae,Bryopsida,Hypnales,Fontinalaceae,Fontinalis,Terrestrial,dha,0.148181818
Plantae,Bryopsida,Hypnales,Fontinalaceae,Fontinalis,Terrestrial,epa,3.739545455
Plantae,Bryopsida,Hypnales,Hypnaceae,Ctenidium,Terrestrial,ala,8.9
Plantae,Bryopsida,Hypnales,Hypnaceae,Ctenidium,Terrestrial,dha,0
Plantae,Bryopsida,Hypnales,Hypnaceae,Ctenidium,Terrestrial,epa,4.3
Plantae,Bryopsida,Pottiales,Pottiaceae,Tortella,Terrestrial,ala,20.46666666666667
Plantae,Bryopsida,Pottiales,Pottiaceae,Tortella,Terrestrial,dha,0
Plantae,Bryopsida,Pottiales,Pottiaceae,Tortella,Terrestrial,epa,1.7333333333333334
Plantae,Chlorodendrophyceae,Chlorodendrales,Chlorodendraceae,Tetraselmis,Marine,ala,15.573
Plantae,Chlorodendrophyceae,Chlorodendrales,Chlorodendraceae,Tetraselmis,Marine,dha,0
Plantae,Chlorodendrophyceae,Chlorodendrales,Chlorodendraceae,Tetraselmis,Marine,epa,6.995
Plantae,Chlorophyceae,Chlamydomonadales,Chlamydomonadaceae,Chlamydomonas,Freshwater,ala,35.99537463175862
Plantae,Chlorophyceae,Chlamydomonadales,Chlamydomonadaceae,Chlamydomonas,Freshwater,dha,0
Plantae,Chlorophyceae,Chlamydomonadales,Chlamydomonadaceae,Chlamydomonas,Freshwater,epa,0
Plantae,Chlorophyceae,Chlamydomonadales,Chlamydomonadaceae,Chlamydomonas,Marine,ala,32.075523157142854
Plantae,Chlorophyceae,Chlamydomonadales,Chlamydomonadaceae,Chlamydomonas,Marine,dha,0
Plantae,Chlorophyceae,Chlamydomonadales,Chlamydomonadaceae,Chlamydomonas,Marine,epa,17.271428571428572
Plantae,Chlorophyceae,Chlamydomonadales,Dunaliellaceae,Dunaliella,Marine,ala,21.841772152
Plantae,Chlorophyceae,Chlamydomonadales,Dunaliellaceae,Dunaliella,Marine,dha,0
Plantae,Chlorophyceae,Chlamydomonadales,Dunaliellaceae,Dunaliella,Marine,epa,13.72
Plantae,Chlorophyceae,Sphaeropleales,Scenedesmaceae,Scenedesmus,Freshwater,ala,26.97489005691111
Plantae,Chlorophyceae,Sphaeropleales,Scenedesmaceae,Scenedesmus,Freshwater,dha,0.026753333333333334
Plantae,Chlorophyceae,Sphaeropleales,Scenedesmaceae,Scenedesmus,Freshwater,epa,0.010942714311111112
Plantae,Chlorophyceae,Sphaeropleales,Scenedesmaceae,Scenedesmus,Marine,ala,4.5
Plantae,Chlorophyceae,Sphaeropleales,Scenedesmaceae,Scenedesmus,Marine,dha,0
Plantae,Chlorophyceae,Sphaeropleales,Scenedesmaceae,Scenedesmus,Marine,epa,0.1
Plantae,Chlorophyceae,Sphaeropleales,Selenastraceae,Monoraphidium,Freshwater,ala,33.73001531333333
Plantae,Chlorophyceae,Sphaeropleales,Selenastraceae,Monoraphidium,Freshwater,dha,0
Plantae,Chlorophyceae,Sphaeropleales,Selenastraceae,Monoraphidium,Freshwater,epa,0
Plantae,Cycadopsida,Cycadales,Cycadaceae,Cycas,Terrestrial,ala,38.3
Plantae,Cycadopsida,Cycadales,Cycadaceae,Cycas,Terrestrial,dha,0
Plantae,Cycadopsida,Cycadales,Cycadaceae,Cycas,Terrestrial,epa,0
Plantae,Cycadopsida,Cycadales,Zamiaceae,Bowenia,Terrestrial,ala,36.5
Plantae,Cycadopsida,Cycadales,Zamiaceae,Bowenia,Terrestrial,dha,0
Plantae,Cycadopsida,Cycadales,Zamiaceae,Bowenia,Terrestrial,epa,0
Plantae,Cycadopsida,Cycadales,Zamiaceae,Ceratozamia,Terrestrial,ala,34.2
Plantae,Cycadopsida,Cycadales,Zamiaceae,Ceratozamia,Terrestrial,dha,0
Plantae,Cycadopsida,Cycadales,Zamiaceae,Ceratozamia,Terrestrial,epa,0
Plantae,Cycadopsida,Cycadales,Zamiaceae,Dioon,Terrestrial,ala,33.1
Plantae,Cycadopsida,Cycadales,Zamiaceae,Dioon,Terrestrial,dha,0
Plantae,Cycadopsida,Cycadales,Zamiaceae,Dioon,Terrestrial,epa,0
Plantae,Cycadopsida,Cycadales,Zamiaceae,Encephalartos,Terrestrial,ala,24.9
Plantae,Cycadopsida,Cycadales,Zamiaceae,Encephalartos,Terrestrial,dha,0
Plantae,Cycadopsida,Cycadales,Zamiaceae,Encephalartos,Terrestrial,epa,0
Plantae,Cycadopsida,Cycadales,Zamiaceae,Lepidozamia,Terrestrial,ala,40.1
Plantae,Cycadopsida,Cycadales,Zamiaceae,Lepidozamia,Terrestrial,dha,0
Plantae,Cycadopsida,Cycadales,Zamiaceae,Lepidozamia,Terrestrial,epa,0
Plantae,Cycadopsida,Cycadales,Zamiaceae,Macrozamia,Terrestrial,ala,36.9
Plantae,Cycadopsida,Cycadales,Zamiaceae,Macrozamia,Terrestrial,dha,0
Plantae,Cycadopsida,Cycadales,Zamiaceae,Macrozamia,Terrestrial,epa,0
Plantae,Cycadopsida,Cycadales,Zamiaceae,Microcycas,Terrestrial,ala,47.9
Plantae,Cycadopsida,Cycadales,Zamiaceae,Microcycas,Terrestrial,dha,0
Plantae,Cycadopsida,Cycadales,Zamiaceae,Microcycas,Terrestrial,epa,0
Plantae,Cycadopsida,Cycadales,Zamiaceae,Stangeria,Terrestrial,ala,27.5
Plantae,Cycadopsida,Cycadales,Zamiaceae,Stangeria,Terrestrial,dha,0
Plantae,Cycadopsida,Cycadales,Zamiaceae,Stangeria,Terrestrial,epa,0
Plantae,Cycadopsida,Cycadales,Zamiaceae,Zamia,Terrestrial,ala,41
Plantae,Cycadopsida,Cycadales,Zamiaceae,Zamia,Terrestrial,dha,0
Plantae,Cycadopsida,Cycadales,Zamiaceae,Zamia,Terrestrial,epa,0
Plantae,Florideophyceae,Acrochaetiales,Acrochaetiaceae,Audouinella,Marine,ala,0
Plantae,Florideophyceae,Acrochaetiales,Acrochaetiaceae,Audouinella,Marine,dha,0
Plantae,Florideophyceae,Acrochaetiales,Acrochaetiaceae,Audouinella,Marine,epa,60.3
Plantae,Florideophyceae,Acrochaetiales,Acrochaetiaceae,Kylinia,Marine,ala,2.3
Plantae,Florideophyceae,Acrochaetiales,Acrochaetiaceae,Kylinia,Marine,dha,0
Plantae,Florideophyceae,Acrochaetiales,Acrochaetiaceae,Kylinia,Marine,epa,25.5
Plantae,Florideophyceae,Bonnemaisoniales,Bonnemaisoniaceae,Asparagopsis,Marine,ala,0
Plantae,Florideophyceae,Bonnemaisoniales,Bonnemaisoniaceae,Asparagopsis,Marine,dha,0
Plantae,Florideophyceae,Bonnemaisoniales,Bonnemaisoniaceae,Asparagopsis,Marine,epa,2.9
Plantae,Florideophyceae,Ceramiales,Ceramiaceae,Bornetia,Marine,ala,0
Plantae,Florideophyceae,Ceramiales,Ceramiaceae,Bornetia,Marine,dha,0
Plantae,Florideophyceae,Ceramiales,Ceramiaceae,Bornetia,Marine,epa,27.26
Plantae,Florideophyceae,Ceramiales,Ceramiaceae,Callithamnion,Marine,ala,3.5
Plantae,Florideophyceae,Ceramiales,Ceramiaceae,Callithamnion,Marine,dha,0
Plantae,Florideophyceae,Ceramiales,Ceramiaceae,Callithamnion,Marine,epa,43.4
Plantae,Florideophyceae,Ceramiales,Ceramiaceae,Ceramium,Marine,ala,0.6333333333333333
Plantae,Florideophyceae,Ceramiales,Ceramiaceae,Ceramium,Marine,dha,0
Plantae,Florideophyceae,Ceramiales,Ceramiaceae,Ceramium,Marine,epa,21
Plantae,Florideophyceae,Ceramiales,Ceramiaceae,Ptilota,Marine,ala,0.4
Plantae,Florideophyceae,Ceramiales,Ceramiaceae,Ptilota,Marine,dha,0.6
Plantae,Florideophyceae,Ceramiales,Ceramiaceae,Ptilota,Marine,epa,9.4
Plantae,Florideophyceae,Ceramiales,Ceramiaceae,Spermothamnion,Marine,ala,1.2
Plantae,Florideophyceae,Ceramiales,Ceramiaceae,Spermothamnion,Marine,dha,0
Plantae,Florideophyceae,Ceramiales,Ceramiaceae,Spermothamnion,Marine,epa,17.3
Plantae,Florideophyceae,Ceramiales,Dasyaceae,Dasyopsis,Marine,ala,1.8
Plantae,Florideophyceae,Ceramiales,Dasyaceae,Dasyopsis,Marine,dha,0
Plantae,Florideophyceae,Ceramiales,Dasyaceae,Dasyopsis,Marine,epa,10
Plantae,Florideophyceae,Ceramiales,Delesseriaceae,Apoglossum,Marine,ala,2.1
Plantae,Florideophyceae,Ceramiales,Delesseriaceae,Apoglossum,Marine,dha,0
Plantae,Florideophyceae,Ceramiales,Delesseriaceae,Apoglossum,Marine,epa,5.8
Plantae,Florideophyceae,Ceramiales,Delesseriaceae,Delesseria,Marine,ala,0
Plantae,Florideophyceae,Ceramiales,Delesseriaceae,Delesseria,Marine,dha,1
Plantae,Florideophyceae,Ceramiales,Delesseriaceae,Delesseria,Marine,epa,4.4
Plantae,Florideophyceae,Ceramiales,Delesseriaceae,Myriogramme,Marine,ala,0
Plantae,Florideophyceae,Ceramiales,Delesseriaceae,Myriogramme,Marine,dha,0
Plantae,Florideophyceae,Ceramiales,Delesseriaceae,Myriogramme,Marine,epa,48.3
Plantae,Florideophyceae,Ceramiales,Delesseriaceae,Pantoneura,Marine,ala,0
Plantae,Florideophyceae,Ceramiales,Delesseriaceae,Pantoneura,Marine,dha,0
Plantae,Florideophyceae,Ceramiales,Delesseriaceae,Pantoneura,Marine,epa,25.9
Plantae,Florideophyceae,Ceramiales,Delesseriaceae,Phycodrys,Marine,ala,0
Plantae,Florideophyceae,Ceramiales,Delesseriaceae,Phycodrys,Marine,dha,0.3
Plantae,Florideophyceae,Ceramiales,Delesseriaceae,Phycodrys,Marine,epa,4.8
Plantae,Florideophyceae,Ceramiales,Rhodomelaceae,Chondria,Marine,ala,2.7
Plantae,Florideophyceae,Ceramiales,Rhodomelaceae,Chondria,Marine,dha,0
Plantae,Florideophyceae,Ceramiales,Rhodomelaceae,Chondria,Marine,epa,21.4
Plantae,Florideophyceae,Ceramiales,Rhodomelaceae,Laurencia,Marine,ala,0.75
Plantae,Florideophyceae,Ceramiales,Rhodomelaceae,Laurencia,Marine,dha,0
Plantae,Florideophyceae,Ceramiales,Rhodomelaceae,Laurencia,Marine,epa,27.299999999999997
Plantae,Florideophyceae,Ceramiales,Rhodomelaceae,Polysiphonia,Marine,ala,0.7333333333333333
Plantae,Florideophyceae,Ceramiales,Rhodomelaceae,Polysiphonia,Marine,dha,0
Plantae,Florideophyceae,Ceramiales,Rhodomelaceae,Polysiphonia,Marine,epa,34.36666666666667
Plantae,Florideophyceae,Ceramiales,Rhodomelaceae,Rhodomela,Marine,ala,5.8
Plantae,Florideophyceae,Ceramiales,Rhodomelaceae,Rhodomela,Marine,dha,0
Plantae,Florideophyceae,Ceramiales,Rhodomelaceae,Rhodomela,Marine,epa,24.8
Plantae,Florideophyceae,Corallinales,Corallinaceae,Corallina,Marine,ala,2.9000000000000004
Plantae,Florideophyceae,Corallinales,Corallinaceae,Corallina,Marine,dha,0
Plantae,Florideophyceae,Corallinales,Corallinaceae,Corallina,Marine,epa,43.8
Plantae,Florideophyceae,Corallinales,Corallinaceae,Jania,Marine,ala,0
Plantae,Florideophyceae,Corallinales,Corallinaceae,Jania,Marine,dha,0
Plantae,Florideophyceae,Corallinales,Corallinaceae,Jania,Marine,epa,25.46
Plantae,Florideophyceae,Gelidiales,Gelidiaceae,Gelidium,Marine,ala,1.55
Plantae,Florideophyceae,Gelidiales,Gelidiaceae,Gelidium,Marine,dha,0
Plantae,Florideophyceae,Gelidiales,Gelidiaceae,Gelidium,Marine,epa,21.4
Plantae,Florideophyceae,Gigartinales,Dumontiaceae,Hyalosiphonia,Marine,ala,1.2
Plantae,Florideophyceae,Gigartinales,Dumontiaceae,Hyalosiphonia,Marine,dha,0
Plantae,Florideophyceae,Gigartinales,Dumontiaceae,Hyalosiphonia,Marine,epa,12.5
Plantae,Florideophyceae,Gigartinales,Gigartinaceae,Chondrus,Marine,ala,1.55
Plantae,Florideophyceae,Gigartinales,Gigartinaceae,Chondrus,Marine,dha,0.15
Plantae,Florideophyceae,Gigartinales,Gigartinaceae,Chondrus,Marine,epa,13.35
Plantae,Florideophyceae,Gigartinales,Gigartinaceae,Gigartina,Marine,ala,0
Plantae,Florideophyceae,Gigartinales,Gigartinaceae,Gigartina,Marine,dha,0
Plantae,Florideophyceae,Gigartinales,Gigartinaceae,Gigartina,Marine,epa,25.2
Plantae,Florideophyceae,Gigartinales,Gloiosiphoniaceae,Gloiosiphonia,Marine,ala,1
Plantae,Florideophyceae,Gigartinales,Gloiosiphoniaceae,Gloiosiphonia,Marine,dha,0
Plantae,Florideophyceae,Gigartinales,Gloiosiphoniaceae,Gloiosiphonia,Marine,epa,3.6
Plantae,Florideophyceae,Gigartinales,Phyllophoraceae,Gymnogongrus,Marine,ala,0
Plantae,Florideophyceae,Gigartinales,Phyllophoraceae,Gymnogongrus,Marine,dha,0.5
Plantae,Florideophyceae,Gigartinales,Phyllophoraceae,Gymnogongrus,Marine,epa,44.3
Plantae,Florideophyceae,Gigartinales,Phyllophoraceae,Phyllophora,Marine,ala,0.9
Plantae,Florideophyceae,Gigartinales,Phyllophoraceae,Phyllophora,Marine,dha,0
Plantae,Florideophyceae,Gigartinales,Phyllophoraceae,Phyllophora,Marine,epa,5.1
Plantae,Florideophyceae,Gigartinales,Solieriaceae,Eucheuma,Marine,ala,3.88
Plantae,Florideophyceae,Gigartinales,Solieriaceae,Eucheuma,Marine,dha,0
Plantae,Florideophyceae,Gigartinales,Solieriaceae,Eucheuma,Marine,epa,24.98
Plantae,Florideophyceae,Gracilariales,Gracilariaceae,Gracilaria,Marine,ala,0.5
Plantae,Florideophyceae,Gracilariales,Gracilariaceae,Gracilaria,Marine,dha,0.2
Plantae,Florideophyceae,Gracilariales,Gracilariaceae,Gracilaria,Marine,epa,25.8
Plantae,Florideophyceae,Palmariales,Palmariaceae,Palmaria,Marine,ala,0.8150000000000001
Plantae,Florideophyceae,Palmariales,Palmariaceae,Palmaria,Marine,dha,0.35
Plantae,Florideophyceae,Palmariales,Palmariaceae,Palmaria,Marine,epa,48.208333333333336
Plantae,Florideophyceae,Peyssonneliales,Peyssonneliaceae,Peyssonnelia,Marine,ala,0.55
Plantae,Florideophyceae,Peyssonneliales,Peyssonneliaceae,Peyssonnelia,Marine,dha,2.43
Plantae,Florideophyceae,Peyssonneliales,Peyssonneliaceae,Peyssonnelia,Marine,epa,21.46
Plantae,Florideophyceae,Plocamiales,Plocamiaceae,Plocamium,Marine,ala,0
Plantae,Florideophyceae,Plocamiales,Plocamiaceae,Plocamium,Marine,dha,0
Plantae,Florideophyceae,Plocamiales,Plocamiaceae,Plocamium,Marine,epa,7.05
Plantae,Florideophyceae,Rhodymeniales,Rhodymeniaceae,Rhodymenia,Marine,ala,1.1
Plantae,Florideophyceae,Rhodymeniales,Rhodymeniaceae,Rhodymenia,Marine,dha,0
Plantae,Florideophyceae,Rhodymeniales,Rhodymeniaceae,Rhodymenia,Marine,epa,10.8
Plantae,Gnetopsida,Ephedrales,Ephedraceae,Ephedra,Terrestrial,ala,35.3
Plantae,Gnetopsida,Ephedrales,Ephedraceae,Ephedra,Terrestrial,dha,0
Plantae,Gnetopsida,Ephedrales,Ephedraceae,Ephedra,Terrestrial,epa,0
Plantae,Gnetopsida,Ephedrales,Gnetaceae,Gnetum,Terrestrial,ala,29.9
Plantae,Gnetopsida,Ephedrales,Gnetaceae,Gnetum,Terrestrial,dha,0
Plantae,Gnetopsida,Ephedrales,Gnetaceae,Gnetum,Terrestrial,epa,0
Plantae,Gnetopsida,Ephedrales,Welwitschiaceae,Welwitschia,Terrestrial,ala,45.6
Plantae,Gnetopsida,Ephedrales,Welwitschiaceae,Welwitschia,Terrestrial,dha,0
Plantae,Gnetopsida,Ephedrales,Welwitschiaceae,Welwitschia,Terrestrial,epa,0
Plantae,Klebsormidiophyceae,Klebsormidiales,Klebsormidiaceae,Klebsormidium,Marine,ala,8.26
Plantae,Klebsormidiophyceae,Klebsormidiales,Klebsormidiaceae,Klebsormidium,Marine,dha,0
Plantae,Klebsormidiophyceae,Klebsormidiales,Klebsormidiaceae,Klebsormidium,Marine,epa,0
Plantae,Magnoliopsida,Alismatales,Araceae,Arum,Terrestrial,ala,0.4
Plantae,Magnoliopsida,Alismatales,Araceae,Calla,Terrestrial,ala,12.85
Plantae,Magnoliopsida,Alismatales,Araceae,Calla,Terrestrial,dha,0
Plantae,Magnoliopsida,Alismatales,Araceae,Calla,Terrestrial,epa,0
Plantae,Magnoliopsida,Alismatales,Araceae,Syngonium,Terrestrial,ala,13.22
Plantae,Magnoliopsida,Alismatales,Araceae,Syngonium,Terrestrial,dha,0
Plantae,Magnoliopsida,Alismatales,Araceae,Syngonium,Terrestrial,epa,0
Plantae,Magnoliopsida,Alismatales,Juncaginaceae,Triglochin,Terrestrial,ala,5.67
Plantae,Magnoliopsida,Alismatales,Juncaginaceae,Triglochin,Terrestrial,dha,0
Plantae,Magnoliopsida,Alismatales,Juncaginaceae,Triglochin,Terrestrial,epa,0
Plantae,Magnoliopsida,Alismatales,Zosteraceae,Zostera,Marine,ala,24.12
Plantae,Magnoliopsida,Alismatales,Zosteraceae,Zostera,Marine,dha,0.4
Plantae,Magnoliopsida,Alismatales,Zosteraceae,Zostera,Marine,epa,4.58
Plantae,Magnoliopsida,Apiales,Apiaceae,Aethusa,Terrestrial,ala,0.25
Plantae,Magnoliopsida,Apiales,Apiaceae,Ammi,Terrestrial,ala,0.2
Plantae,Magnoliopsida,Apiales,Apiaceae,Anthriscus,Terrestrial,ala,0.25
Plantae,Magnoliopsida,Apiales,Apiaceae,Bupleurum,Terrestrial,ala,0.6
Plantae,Magnoliopsida,Apiales,Apiaceae,Caucalis,Terrestrial,ala,0.2
Plantae,Magnoliopsida,Apiales,Apiaceae,Cuminum,Terrestrial,ala,0.2
Plantae,Magnoliopsida,Apiales,Apiaceae,Daucus,Terrestrial,ala,0.9
Plantae,Magnoliopsida,Apiales,Apiaceae,Eryngium,Terrestrial,ala,0.6
Plantae,Magnoliopsida,Apiales,Apiaceae,Falcaria,Terrestrial,ala,38.6
Plantae,Magnoliopsida,Apiales,Apiaceae,Heracleum,Terrestrial,ala,6.4725
Plantae,Magnoliopsida,Apiales,Apiaceae,Heracleum,Terrestrial,dha,0
Plantae,Magnoliopsida,Apiales,Apiaceae,Heracleum,Terrestrial,epa,0
Plantae,Magnoliopsida,Apiales,Apiaceae,Scandix,Terrestrial,ala,0.7
Plantae,Magnoliopsida,Apiales,Apiaceae,Sium,Terrestrial,ala,5.72
Plantae,Magnoliopsida,Apiales,Apiaceae,Sium,Terrestrial,dha,0
Plantae,Magnoliopsida,Apiales,Apiaceae,Sium,Terrestrial,epa,0
Plantae,Magnoliopsida,Apiales,Apiaceae,Torilis,Terrestrial,ala,0.30000000000000004
Plantae,Magnoliopsida,Apiales,Araliaceae,Aralia,Terrestrial,ala,27.625
Plantae,Magnoliopsida,Apiales,Araliaceae,Aralia,Terrestrial,dha,0
Plantae,Magnoliopsida,Apiales,Araliaceae,Aralia,Terrestrial,epa,0
Plantae,Magnoliopsida,Arecales,Arecaceae,Cocos,Terrestrial,ala,0.1
Plantae,Magnoliopsida,Arecales,Arecaceae,Elaeis,Terrestrial,ala,0.3
Plantae,Magnoliopsida,Asparagales,Amaryllidaceae,Allium,Terrestrial,ala,2.815
Plantae,Magnoliopsida,Asparagales,Amaryllidaceae,Allium,Terrestrial,dha,0
Plantae,Magnoliopsida,Asparagales,Amaryllidaceae,Allium,Terrestrial,epa,0
Plantae,Magnoliopsida,Asparagales,Asparagaceae,Asparagus,Terrestrial,ala,23.7
Plantae,Magnoliopsida,Asparagales,Asparagaceae,Maianthemum,Terrestrial,ala,19.25
Plantae,Magnoliopsida,Asparagales,Asparagaceae,Maianthemum,Terrestrial,dha,0
Plantae,Magnoliopsida,Asparagales,Asparagaceae,Maianthemum,Terrestrial,epa,0
Plantae,Magnoliopsida,Asparagales,Asparagaceae,Muscari,Terrestrial,ala,0.45
Plantae,Magnoliopsida,Asparagales,Xanthorrhoeaceae,Asphodelus,Terrestrial,ala,21.64
Plantae,Magnoliopsida,Asterales,Asteraceae,Ambrosia,Terrestrial,ala,0.4
Plantae,Magnoliopsida,Asterales,Asteraceae,Anthemis,Terrestrial,ala,0.2
Plantae,Magnoliopsida,Asterales,Asteraceae,Arctium,Terrestrial,ala,0.4
Plantae,Magnoliopsida,Asterales,Asteraceae,Carthamus,Terrestrial,ala,NA
Plantae,Magnoliopsida,Asterales,Asteraceae,Carthamus,Terrestrial,dha,0
Plantae,Magnoliopsida,Asterales,Asteraceae,Carthamus,Terrestrial,epa,0
Plantae,Magnoliopsida,Asterales,Asteraceae,Centaurea,Terrestrial,ala,NA
Plantae,Magnoliopsida,Asterales,Asteraceae,Centaurea,Terrestrial,dha,0
Plantae,Magnoliopsida,Asterales,Asteraceae,Centaurea,Terrestrial,epa,0
Plantae,Magnoliopsida,Asterales,Asteraceae,Chondrilla,Terrestrial,ala,56.3
Plantae,Magnoliopsida,Asterales,Asteraceae,Chondrilla,Terrestrial,dha,0
Plantae,Magnoliopsida,Asterales,Asteraceae,Chondrilla,Terrestrial,epa,0
Plantae,Magnoliopsida,Asterales,Asteraceae,Chrysanthemum,Terrestrial,ala,0.4
Plantae,Magnoliopsida,Asterales,Asteraceae,Cirsium,Terrestrial,ala,4
Plantae,Magnoliopsida,Asterales,Asteraceae,Conyza,Terrestrial,ala,0.6
Plantae,Magnoliopsida,Asterales,Asteraceae,Crepis,Terrestrial,ala,0.4
Plantae,Magnoliopsida,Asterales,Asteraceae,Erigeron,Terrestrial,ala,9.29
Plantae,Magnoliopsida,Asterales,Asteraceae,Erigeron,Terrestrial,dha,0
Plantae,Magnoliopsida,Asterales,Asteraceae,Erigeron,Terrestrial,epa,0
Plantae,Magnoliopsida,Asterales,Asteraceae,Galinsoga,Terrestrial,ala,0.25
Plantae,Magnoliopsida,Asterales,Asteraceae,Gnaphalium,Terrestrial,ala,0.4
Plantae,Magnoliopsida,Asterales,Asteraceae,Guizotia,Terrestrial,ala,0.1
Plantae,Magnoliopsida,Asterales,Asteraceae,Helianthus,Terrestrial,ala,2.3475
Plantae,Magnoliopsida,Asterales,Asteraceae,Helianthus,Terrestrial,dha,0
Plantae,Magnoliopsida,Asterales,Asteraceae,Helianthus,Terrestrial,epa,0
Plantae,Magnoliopsida,Asterales,Asteraceae,Iva,Terrestrial,ala,5.13
Plantae,Magnoliopsida,Asterales,Asteraceae,Iva,Terrestrial,dha,0
Plantae,Magnoliopsida,Asterales,Asteraceae,Iva,Terrestrial,epa,0
Plantae,Magnoliopsida,Asterales,Asteraceae,Lactuca,Terrestrial,ala,0.3
Plantae,Magnoliopsida,Asterales,Asteraceae,Lapsana,Terrestrial,ala,2.1
Plantae,Magnoliopsida,Asterales,Asteraceae,Matricaria,Terrestrial,ala,0.26
Plantae,Magnoliopsida,Asterales,Asteraceae,Micropus,Terrestrial,ala,0.2
Plantae,Magnoliopsida,Asterales,Asteraceae,Picris,Terrestrial,ala,0.3
Plantae,Magnoliopsida,Asterales,Asteraceae,Senecio,Terrestrial,ala,1.2333333333333334
Plantae,Magnoliopsida,Asterales,Asteraceae,Solidago,Terrestrial,ala,36.3
Plantae,Magnoliopsida,Asterales,Asteraceae,Solidago,Terrestrial,dha,0
Plantae,Magnoliopsida,Asterales,Asteraceae,Solidago,Terrestrial,epa,0
Plantae,Magnoliopsida,Asterales,Asteraceae,Sonchus,Terrestrial,ala,27.98
Plantae,Magnoliopsida,Asterales,Asteraceae,Sonchus,Terrestrial,dha,0
Plantae,Magnoliopsida,Asterales,Asteraceae,Sonchus,Terrestrial,epa,0
Plantae,Magnoliopsida,Asterales,Asteraceae,Taraxacum,Terrestrial,ala,62.75
Plantae,Magnoliopsida,Asterales,Asteraceae,Taraxacum,Terrestrial,dha,0
Plantae,Magnoliopsida,Asterales,Asteraceae,Taraxacum,Terrestrial,epa,0
Plantae,Magnoliopsida,Asterales,Asteraceae,Xanthium,Terrestrial,ala,2.7
Plantae,Magnoliopsida,Asterales,Campanulaceae,Legousia,Terrestrial,ala,16.4
Plantae,Magnoliopsida,Boraginales,Boraginaceae,Anchusa,Terrestrial,ala,39.7
Plantae,Magnoliopsida,Boraginales,Boraginaceae,Anchusa,Terrestrial,dha,0
Plantae,Magnoliopsida,Boraginales,Boraginaceae,Anchusa,Terrestrial,epa,0
Plantae,Magnoliopsida,Boraginales,Boraginaceae,Borago,Terrestrial,ala,NA
Plantae,Magnoliopsida,Boraginales,Boraginaceae,Borago,Terrestrial,dha,0
Plantae,Magnoliopsida,Boraginales,Boraginaceae,Borago,Terrestrial,epa,0
Plantae,Magnoliopsida,Boraginales,Boraginaceae,Echium,Terrestrial,ala,37.05
Plantae,Magnoliopsida,Boraginales,Boraginaceae,Lithospermum,Terrestrial,ala,45.1
Plantae,Magnoliopsida,Boraginales,Boraginaceae,Myosotis,Terrestrial,ala,17.8
Plantae,Magnoliopsida,Boraginales,Boraginaceae,Symphytum,Terrestrial,ala,0.8
Plantae,Magnoliopsida,Boraginales,Hydrophyllaceae,Phacelia,Terrestrial,ala,1.6
Plantae,Magnoliopsida,Brassicales,Brassicaceae,Alliaria,Terrestrial,ala,28
Plantae,Magnoliopsida,Brassicales,Brassicaceae,Alliaria,Terrestrial,dha,0
Plantae,Magnoliopsida,Brassicales,Brassicaceae,Alliaria,Terrestrial,epa,0
Plantae,Magnoliopsida,Brassicales,Brassicaceae,Arabidopsis,Terrestrial,ala,39.35
Plantae,Magnoliopsida,Brassicales,Brassicaceae,Barbarea,Terrestrial,ala,9.649999999999999
Plantae,Magnoliopsida,Brassicales,Brassicaceae,Brassica,Terrestrial,ala,11.39625
Plantae,Magnoliopsida,Brassicales,Brassicaceae,Brassica,Terrestrial,dha,0.7075
Plantae,Magnoliopsida,Brassicales,Brassicaceae,Brassica,Terrestrial,epa,0.2525
Plantae,Magnoliopsida,Brassicales,Brassicaceae,Calepina,Terrestrial,ala,25.4
Plantae,Magnoliopsida,Brassicales,Brassicaceae,Camelina,Terrestrial,ala,41.45
Plantae,Magnoliopsida,Brassicales,Brassicaceae,Capsella,Terrestrial,ala,33.7
Plantae,Magnoliopsida,Brassicales,Brassicaceae,Capsella,Terrestrial,dha,0
Plantae,Magnoliopsida,Brassicales,Brassicaceae,Capsella,Terrestrial,epa,0
Plantae,Magnoliopsida,Brassicales,Brassicaceae,Cardamine,Terrestrial,ala,3.8
Plantae,Magnoliopsida,Brassicales,Brassicaceae,Crambe,Terrestrial,ala,4.8
Plantae,Magnoliopsida,Brassicales,Brassicaceae,Diplotaxis,Terrestrial,ala,19.6
Plantae,Magnoliopsida,Brassicales,Brassicaceae,Diplotaxis,Terrestrial,dha,0
Plantae,Magnoliopsida,Brassicales,Brassicaceae,Diplotaxis,Terrestrial,epa,0
Plantae,Magnoliopsida,Brassicales,Brassicaceae,Eruca,Terrestrial,ala,12.3
Plantae,Magnoliopsida,Brassicales,Brassicaceae,Eruca,Terrestrial,dha,0
Plantae,Magnoliopsida,Brassicales,Brassicaceae,Eruca,Terrestrial,epa,0
Plantae,Magnoliopsida,Brassicales,Brassicaceae,Lepidium,Terrestrial,ala,35.7
Plantae,Magnoliopsida,Brassicales,Brassicaceae,Matthiola,Terrestrial,ala,43.9
Plantae,Magnoliopsida,Brassicales,Brassicaceae,Myagrum,Terrestrial,ala,29.2
Plantae,Magnoliopsida,Brassicales,Brassicaceae,Neslia,Terrestrial,ala,10
Plantae,Magnoliopsida,Brassicales,Brassicaceae,Sinapis,Terrestrial,ala,11.8
Plantae,Magnoliopsida,Brassicales,Brassicaceae,Sisymbrium,Terrestrial,ala,37.6
Plantae,Magnoliopsida,Brassicales,Brassicaceae,Sisymbrium,Terrestrial,dha,0
Plantae,Magnoliopsida,Brassicales,Brassicaceae,Sisymbrium,Terrestrial,epa,0
Plantae,Magnoliopsida,Brassicales,Brassicaceae,Thlaspi,Terrestrial,ala,8.2
Plantae,Magnoliopsida,Brassicales,Resedaceae,Reseda,Terrestrial,ala,4
Plantae,Magnoliopsida,Caryophyllales,Amaranthaceae,Amaranthus,Terrestrial,ala,13.053333333333333
Plantae,Magnoliopsida,Caryophyllales,Amaranthaceae,Amaranthus,Terrestrial,dha,0
Plantae,Magnoliopsida,Caryophyllales,Amaranthaceae,Amaranthus,Terrestrial,epa,0
Plantae,Magnoliopsida,Caryophyllales,Amaranthaceae,Atriplex,Terrestrial,ala,22
Plantae,Magnoliopsida,Caryophyllales,Amaranthaceae,Atriplex,Terrestrial,dha,0
Plantae,Magnoliopsida,Caryophyllales,Amaranthaceae,Atriplex,Terrestrial,epa,0
Plantae,Magnoliopsida,Caryophyllales,Amaranthaceae,Beta,Terrestrial,ala,29.5
Plantae,Magnoliopsida,Caryophyllales,Amaranthaceae,Beta,Terrestrial,dha,0
Plantae,Magnoliopsida,Caryophyllales,Amaranthaceae,Beta,Terrestrial,epa,0
Plantae,Magnoliopsida,Caryophyllales,Amaranthaceae,Chenopodium,Terrestrial,ala,21.603214285714284
Plantae,Magnoliopsida,Caryophyllales,Amaranthaceae,Chenopodium,Terrestrial,dha,0
Plantae,Magnoliopsida,Caryophyllales,Amaranthaceae,Chenopodium,Terrestrial,epa,0
Plantae,Magnoliopsida,Caryophyllales,Amaranthaceae,Salicornia,Terrestrial,ala,15
Plantae,Magnoliopsida,Caryophyllales,Cactaceae,Opuntia,Terrestrial,ala,7.3
Plantae,Magnoliopsida,Caryophyllales,Caryophyllaceae,Arenaria,Terrestrial,ala,0.6
Plantae,Magnoliopsida,Caryophyllales,Caryophyllaceae,Corrigiola,Terrestrial,ala,1
Plantae,Magnoliopsida,Caryophyllales,Caryophyllaceae,Gypsophila,Terrestrial,ala,1.3
Plantae,Magnoliopsida,Caryophyllales,Caryophyllaceae,Silene,Terrestrial,ala,19.633333333333333
Plantae,Magnoliopsida,Caryophyllales,Caryophyllaceae,Silene,Terrestrial,dha,0
Plantae,Magnoliopsida,Caryophyllales,Caryophyllaceae,Silene,Terrestrial,epa,0
Plantae,Magnoliopsida,Caryophyllales,Caryophyllaceae,Spergularia,Terrestrial,ala,4.5
Plantae,Magnoliopsida,Caryophyllales,Caryophyllaceae,Stellaria,Terrestrial,ala,27.95
Plantae,Magnoliopsida,Caryophyllales,Caryophyllaceae,Stellaria,Terrestrial,dha,0
Plantae,Magnoliopsida,Caryophyllales,Caryophyllaceae,Stellaria,Terrestrial,epa,0
Plantae,Magnoliopsida,Caryophyllales,Montiaceae,Montia,Terrestrial,ala,55.6
Plantae,Magnoliopsida,Caryophyllales,Montiaceae,Montia,Terrestrial,dha,0
Plantae,Magnoliopsida,Caryophyllales,Montiaceae,Montia,Terrestrial,epa,0
Plantae,Magnoliopsida,Caryophyllales,Polygonaceae,Emex,Terrestrial,ala,29.63
Plantae,Magnoliopsida,Caryophyllales,Polygonaceae,Fallopia,Terrestrial,ala,4.2
Plantae,Magnoliopsida,Caryophyllales,Polygonaceae,Polygonum,Terrestrial,ala,4.7
Plantae,Magnoliopsida,Caryophyllales,Polygonaceae,Rumex,Terrestrial,ala,1.475
Plantae,Magnoliopsida,Caryophyllales,Portulacaceae,Portulaca,Terrestrial,ala,37.7091666675
Plantae,Magnoliopsida,Caryophyllales,Portulacaceae,Portulaca,Terrestrial,dha,0
Plantae,Magnoliopsida,Caryophyllales,Portulacaceae,Portulaca,Terrestrial,epa,0
Plantae,Magnoliopsida,Celastrales,Celastraceae,Catha,Terrestrial,ala,50.8
Plantae,Magnoliopsida,Cornales,Cornaceae,Cornus,Terrestrial,ala,14.76
Plantae,Magnoliopsida,Cornales,Cornaceae,Cornus,Terrestrial,dha,0
Plantae,Magnoliopsida,Cornales,Cornaceae,Cornus,Terrestrial,epa,0
Plantae,Magnoliopsida,Cucurbitales,Cucurbitaceae,Bryonia,Terrestrial,ala,35.3
Plantae,Magnoliopsida,Cucurbitales,Cucurbitaceae,Citrullus,Terrestrial,ala,0.17500000000000002
Plantae,Magnoliopsida,Cucurbitales,Cucurbitaceae,Cucumis,Terrestrial,ala,0.2
Plantae,Magnoliopsida,Cucurbitales,Cucurbitaceae,Cucurbita,Terrestrial,ala,0.18
Plantae,Magnoliopsida,Cucurbitales,Cucurbitaceae,Cucurbita,Terrestrial,dha,0
Plantae,Magnoliopsida,Cucurbitales,Cucurbitaceae,Cucurbita,Terrestrial,epa,0
Plantae,Magnoliopsida,Dioscoreales,Dioscoreaceae,Dioscorea,Terrestrial,ala,27.5
Plantae,Magnoliopsida,Dipsacales,Adoxaceae,Sambucus,Terrestrial,ala,23.04
Plantae,Magnoliopsida,Dipsacales,Dipsacaceae,Cephalaria,Terrestrial,ala,0.4
Plantae,Magnoliopsida,Dipsacales,Dipsacaceae,Dipsacus,Terrestrial,ala,0.4
Plantae,Magnoliopsida,Dipsacales,Dipsacaceae,Knautia,Terrestrial,ala,1
Plantae,Magnoliopsida,Dipsacales,Valerianaceae,Valerianella,Terrestrial,ala,1.3
Plantae,Magnoliopsida,Ericales,Ebenaceae,Diospyros,Terrestrial,ala,1.6
Plantae,Magnoliopsida,Ericales,Ericaceae,Arbutus,Terrestrial,ala,36.5
Plantae,Magnoliopsida,Ericales,Ericaceae,Arbutus,Terrestrial,dha,0
Plantae,Magnoliopsida,Ericales,Ericaceae,Arbutus,Terrestrial,epa,0
Plantae,Magnoliopsida,Ericales,Ericaceae,Arctostaphylos,Terrestrial,ala,40.6
Plantae,Magnoliopsida,Ericales,Ericaceae,Arctostaphylos,Terrestrial,dha,0
Plantae,Magnoliopsida,Ericales,Ericaceae,Arctostaphylos,Terrestrial,epa,0
Plantae,Magnoliopsida,Ericales,Ericaceae,Vaccinium,Terrestrial,ala,25.53
Plantae,Magnoliopsida,Ericales,Ericaceae,Vaccinium,Terrestrial,dha,0
Plantae,Magnoliopsida,Ericales,Ericaceae,Vaccinium,Terrestrial,epa,0
Plantae,Magnoliopsida,Ericales,Primulaceae,Anagallis,Terrestrial,ala,41
Plantae,Magnoliopsida,Ericales,Sapotaceae,Vitellaria,Terrestrial,ala,0.3
Plantae,Magnoliopsida,Fabales,Fabaceae,Albizia,Terrestrial,ala,1.91
Plantae,Magnoliopsida,Fabales,Fabaceae,Arachis,Terrestrial,ala,0.4
Plantae,Magnoliopsida,Fabales,Fabaceae,Daniellia,Terrestrial,ala,1.12
Plantae,Magnoliopsida,Fabales,Fabaceae,Enterolobium,Terrestrial,ala,10.6
Plantae,Magnoliopsida,Fabales,Fabaceae,Gliricidia,Terrestrial,ala,1.5
Plantae,Magnoliopsida,Fabales,Fabaceae,Glycine,Terrestrial,ala,7.8
Plantae,Magnoliopsida,Fabales,Fabaceae,Lathyrus,Terrestrial,ala,9.12
Plantae,Magnoliopsida,Fabales,Fabaceae,Lathyrus,Terrestrial,dha,0
Plantae,Magnoliopsida,Fabales,Fabaceae,Lathyrus,Terrestrial,epa,0
Plantae,Magnoliopsida,Fabales,Fabaceae,Lonchocarpus,Terrestrial,ala,33
Plantae,Magnoliopsida,Fabales,Fabaceae,Lupinus,Terrestrial,ala,8.2
Plantae,Magnoliopsida,Fabales,Fabaceae,Pentaclethra,Terrestrial,dha,3.7
Plantae,Magnoliopsida,Fabales,Fabaceae,Prosopis,Terrestrial,ala,3.995
Plantae,Magnoliopsida,Fabales,Fabaceae,Psoralea,Terrestrial,ala,8.81
Plantae,Magnoliopsida,Fabales,Fabaceae,Psoralea,Terrestrial,dha,0
Plantae,Magnoliopsida,Fabales,Fabaceae,Psoralea,Terrestrial,epa,0
Plantae,Magnoliopsida,Fabales,Fabaceae,Pterocarpus,Terrestrial,ala,2.34
Plantae,Magnoliopsida,Fabales,Fabaceae,Sesbania,Terrestrial,ala,29.4
Plantae,Magnoliopsida,Fabales,Fabaceae,Trifolium,Terrestrial,ala,5.7
Plantae,Magnoliopsida,Fabales,Fabaceae,Trigonella,Terrestrial,ala,23.2
Plantae,Magnoliopsida,Fabales,Fabaceae,Vicia,Terrestrial,ala,6.9
Plantae,Magnoliopsida,Fabales,Fabaceae,Vigna,Terrestrial,ala,35.35
Plantae,Magnoliopsida,Fabales,Fabaceae,Vigna,Terrestrial,dha,0
Plantae,Magnoliopsida,Fabales,Fabaceae,Vigna,Terrestrial,epa,0
Plantae,Magnoliopsida,Fagales,Betulaceae,Alnus,Terrestrial,ala,17.3
Plantae,Magnoliopsida,Fagales,Betulaceae,Alnus,Terrestrial,dha,0
Plantae,Magnoliopsida,Fagales,Betulaceae,Alnus,Terrestrial,epa,0
Plantae,Magnoliopsida,Fagales,Betulaceae,Betula,Terrestrial,ala,16.5
Plantae,Magnoliopsida,Fagales,Betulaceae,Betula,Terrestrial,dha,0
Plantae,Magnoliopsida,Fagales,Betulaceae,Betula,Terrestrial,epa,0
Plantae,Magnoliopsida,Fagales,Betulaceae,Corylus,Terrestrial,ala,0.315
Plantae,Magnoliopsida,Fagales,Betulaceae,Corylus,Terrestrial,dha,0
Plantae,Magnoliopsida,Fagales,Betulaceae,Corylus,Terrestrial,epa,0
Plantae,Magnoliopsida,Fagales,Juglandaceae,Juglans,Terrestrial,ala,11.030000000000001
Plantae,Magnoliopsida,Gentianales,Rubiaceae,Galium,Terrestrial,ala,7.35
Plantae,Magnoliopsida,Gentianales,Rubiaceae,Sherardia,Terrestrial,ala,3.5
Plantae,Magnoliopsida,Geraniales,Geraniaceae,Erodium,Terrestrial,ala,0.3
Plantae,Magnoliopsida,Geraniales,Geraniaceae,Geranium,Terrestrial,ala,NA
Plantae,Magnoliopsida,Lamiales,Lamiaceae,Ajuga,Terrestrial,ala,17.4
Plantae,Magnoliopsida,Lamiales,Lamiaceae,Clinopodium,Terrestrial,ala,61.1
Plantae,Magnoliopsida,Lamiales,Lamiaceae,Galeopsis,Terrestrial,ala,9.1
Plantae,Magnoliopsida,Lamiales,Lamiaceae,Lamium,Terrestrial,ala,13.9
Plantae,Magnoliopsida,Lamiales,Lamiaceae,Lycopus,Terrestrial,ala,20.98
Plantae,Magnoliopsida,Lamiales,Lamiaceae,Lycopus,Terrestrial,dha,0
Plantae,Magnoliopsida,Lamiales,Lamiaceae,Lycopus,Terrestrial,epa,0
Plantae,Magnoliopsida,Lamiales,Lamiaceae,Mentha,Terrestrial,ala,7.7
Plantae,Magnoliopsida,Lamiales,Lamiaceae,Perilla,Terrestrial,ala,54.64
Plantae,Magnoliopsida,Lamiales,Lamiaceae,Salvia,Terrestrial,ala,60.03333333333333
Plantae,Magnoliopsida,Lamiales,Lamiaceae,Satureja,Terrestrial,ala,57.5
Plantae,Magnoliopsida,Lamiales,Lamiaceae,Stachys,Terrestrial,ala,7.285
Plantae,Magnoliopsida,Lamiales,Lamiaceae,Stachys,Terrestrial,dha,0
Plantae,Magnoliopsida,Lamiales,Lamiaceae,Stachys,Terrestrial,epa,0
Plantae,Magnoliopsida,Lamiales,Lamiaceae,Teucrium,Terrestrial,ala,33.5
Plantae,Magnoliopsida,Lamiales,Orobanchaceae,Melampyrum,Terrestrial,ala,16.4
Plantae,Magnoliopsida,Lamiales,Orobanchaceae,Odontites,Terrestrial,ala,53.6
Plantae,Magnoliopsida,Lamiales,Orobanchaceae,Rhinanthus,Terrestrial,ala,41.5
Plantae,Magnoliopsida,Lamiales,Pedaliaceae,Sesamum,Terrestrial,ala,0.49178571428571427
Plantae,Magnoliopsida,Lamiales,Plantaginaceae,Kickxia,Terrestrial,ala,0.3
Plantae,Magnoliopsida,Lamiales,Plantaginaceae,Linaria,Terrestrial,ala,1
Plantae,Magnoliopsida,Lamiales,Plantaginaceae,Misopates,Terrestrial,ala,0.4
Plantae,Magnoliopsida,Lamiales,Plantaginaceae,Plantago,Terrestrial,ala,27.562
Plantae,Magnoliopsida,Lamiales,Plantaginaceae,Plantago,Terrestrial,dha,0
Plantae,Magnoliopsida,Lamiales,Plantaginaceae,Plantago,Terrestrial,epa,0
Plantae,Magnoliopsida,Lamiales,Plantaginaceae,Veronica,Terrestrial,ala,1.5333333333333334
Plantae,Magnoliopsida,Lamiales,Scrophulariaceae,Verbascum,Terrestrial,ala,0.75
Plantae,Magnoliopsida,Lamiales,Verbenaceae,Verbena,Terrestrial,ala,46.379999999999995
Plantae,Magnoliopsida,Laurales,Lauraceae,Persea,Terrestrial,ala,1.4
Plantae,Magnoliopsida,Liliales,Liliaceae,Lilium,Terrestrial,ala,3.08
Plantae,Magnoliopsida,Liliales,Liliaceae,Lilium,Terrestrial,dha,0
Plantae,Magnoliopsida,Liliales,Liliaceae,Lilium,Terrestrial,epa,0
Plantae,Magnoliopsida,Malpighiales,Euphorbiaceae,Euphorbia,Terrestrial,ala,58.3
Plantae,Magnoliopsida,Malpighiales,Euphorbiaceae,Jatropha,Terrestrial,ala,0.2
Plantae,Magnoliopsida,Malpighiales,Euphorbiaceae,Mercurialis,Terrestrial,ala,71.1
Plantae,Magnoliopsida,Malpighiales,Linaceae,Linum,Terrestrial,ala,55
Plantae,Magnoliopsida,Malpighiales,Violaceae,Viola,Terrestrial,ala,15.895000000000001
Plantae,Magnoliopsida,Malpighiales,Violaceae,Viola,Terrestrial,dha,0
Plantae,Magnoliopsida,Malpighiales,Violaceae,Viola,Terrestrial,epa,0
Plantae,Magnoliopsida,Malvales,Malvaceae,Abutilon,Terrestrial,ala,5.6
Plantae,Magnoliopsida,Malvales,Malvaceae,Adansonia,Terrestrial,ala,2.33
Plantae,Magnoliopsida,Malvales,Malvaceae,Althaea,Terrestrial,ala,1.5
Plantae,Magnoliopsida,Malvales,Malvaceae,Hibiscus,Terrestrial,ala,0.7
Plantae,Magnoliopsida,Malvales,Malvaceae,Malva,Terrestrial,ala,21.55
Plantae,Magnoliopsida,Malvales,Malvaceae,Malva,Terrestrial,dha,0
Plantae,Magnoliopsida,Malvales,Malvaceae,Malva,Terrestrial,epa,0
Plantae,Magnoliopsida,Malvales,Malvaceae,Theobroma,Terrestrial,ala,0.2
Plantae,Magnoliopsida,Myrtales,Lythraceae,Cuphea,Terrestrial,ala,4.18
Plantae,Magnoliopsida,Myrtales,Lythraceae,Lythrum,Terrestrial,ala,0.1
Plantae,Magnoliopsida,Myrtales,Myrtaceae,Myrtus,Terrestrial,ala,NA
Plantae,Magnoliopsida,Myrtales,Myrtaceae,Myrtus,Terrestrial,dha,0
Plantae,Magnoliopsida,Myrtales,Myrtaceae,Myrtus,Terrestrial,epa,0
Plantae,Magnoliopsida,Myrtales,Onagraceae,Epilobium,Terrestrial,ala,1.95
Plantae,Magnoliopsida,Myrtales,Onagraceae,Oenothera,Terrestrial,ala,0.1
Plantae,Magnoliopsida,Oxalidales,Oxalidaceae,Oxalis,Terrestrial,ala,0.7
Plantae,Magnoliopsida,Poales,Cyperaceae,Cyperus,Terrestrial,ala,0.35
Plantae,Magnoliopsida,Poales,Juncaceae,Juncus,Terrestrial,ala,1.6
Plantae,Magnoliopsida,Poales,Poaceae,Agrostis,Terrestrial,ala,2
Plantae,Magnoliopsida,Poales,Poaceae,Alopecurus,Terrestrial,ala,1.4
Plantae,Magnoliopsida,Poales,Poaceae,Apera,Terrestrial,ala,1.7
Plantae,Magnoliopsida,Poales,Poaceae,Arundo,Terrestrial,ala,6.82
Plantae,Magnoliopsida,Poales,Poaceae,Arundo,Terrestrial,dha,0
Plantae,Magnoliopsida,Poales,Poaceae,Arundo,Terrestrial,epa,0
Plantae,Magnoliopsida,Poales,Poaceae,Avena,Terrestrial,ala,NA
Plantae,Magnoliopsida,Poales,Poaceae,Avena,Terrestrial,dha,0
Plantae,Magnoliopsida,Poales,Poaceae,Avena,Terrestrial,epa,0
Plantae,Magnoliopsida,Poales,Poaceae,Bromus,Terrestrial,ala,10.05
Plantae,Magnoliopsida,Poales,Poaceae,Cynodon,Terrestrial,ala,6
Plantae,Magnoliopsida,Poales,Poaceae,Echinochloa,Terrestrial,ala,0.5
Plantae,Magnoliopsida,Poales,Poaceae,Lolium,Terrestrial,ala,4.050000000000001
Plantae,Magnoliopsida,Poales,Poaceae,Oryza,Terrestrial,ala,1.2
Plantae,Magnoliopsida,Poales,Poaceae,Panicum,Terrestrial,ala,1.6800000000000002
Plantae,Magnoliopsida,Poales,Poaceae,Phleum,Terrestrial,ala,3.2
Plantae,Magnoliopsida,Poales,Poaceae,Phragmites,Terrestrial,ala,0.1
Plantae,Magnoliopsida,Poales,Poaceae,Phragmites,Terrestrial,dha,0
Plantae,Magnoliopsida,Poales,Poaceae,Phragmites,Terrestrial,epa,0
Plantae,Magnoliopsida,Poales,Poaceae,Poa,Terrestrial,ala,5.033333333333333
Plantae,Magnoliopsida,Poales,Poaceae,Setaria,Terrestrial,ala,2.533333333333333
Plantae,Magnoliopsida,Poales,Poaceae,Spartina,Marine,ala,50.9
Plantae,Magnoliopsida,Poales,Poaceae,Spartina,Marine,dha,0
Plantae,Magnoliopsida,Poales,Poaceae,Spartina,Marine,epa,0
Plantae,Magnoliopsida,Poales,Poaceae,Triticum,Terrestrial,ala,6.1
Plantae,Magnoliopsida,Poales,Poaceae,Zea,Terrestrial,ala,1.305
Plantae,Magnoliopsida,Poales,Poaceae,Zea,Terrestrial,dha,0
Plantae,Magnoliopsida,Poales,Poaceae,Zea,Terrestrial,epa,0
Plantae,Magnoliopsida,Poales,Typhaceae,Sparganium,Terrestrial,ala,3.73
Plantae,Magnoliopsida,Poales,Typhaceae,Sparganium,Terrestrial,dha,0
Plantae,Magnoliopsida,Poales,Typhaceae,Sparganium,Terrestrial,epa,0
Plantae,Magnoliopsida,Poales,Typhaceae,Typha,Terrestrial,ala,8.366666666666667
Plantae,Magnoliopsida,Poales,Typhaceae,Typha,Terrestrial,dha,0
Plantae,Magnoliopsida,Poales,Typhaceae,Typha,Terrestrial,epa,0
Plantae,Magnoliopsida,Proteales,Proteaceae,Macadamia,Terrestrial,ala,0.2
Plantae,Magnoliopsida,Ranunculales,Papaveraceae,Fumaria,Terrestrial,ala,1.4
Plantae,Magnoliopsida,Ranunculales,Papaveraceae,Papaver,Terrestrial,ala,0.5599999999999999
Plantae,Magnoliopsida,Ranunculales,Ranunculaceae,Adonis,Terrestrial,ala,1.9000000000000001
Plantae,Magnoliopsida,Ranunculales,Ranunculaceae,Consolida,Terrestrial,ala,NA
Plantae,Magnoliopsida,Ranunculales,Ranunculaceae,Nigella,Terrestrial,ala,1.45
Plantae,Magnoliopsida,Ranunculales,Ranunculaceae,Ranunculus,Terrestrial,ala,35.575
Plantae,Magnoliopsida,Rosales,Cannabaceae,Cannabis,Terrestrial,ala,19.7
Plantae,Magnoliopsida,Rosales,Elaeagnaceae,Elaeagnus,Terrestrial,ala,18.38
Plantae,Magnoliopsida,Rosales,Elaeagnaceae,Elaeagnus,Terrestrial,dha,0
Plantae,Magnoliopsida,Rosales,Elaeagnaceae,Elaeagnus,Terrestrial,epa,0
Plantae,Magnoliopsida,Rosales,Elaeagnaceae,Hippophae,Terrestrial,ala,8.8
Plantae,Magnoliopsida,Rosales,Rhamnaceae,Ziziphus,Terrestrial,ala,0.4
Plantae,Magnoliopsida,Rosales,Rhamnaceae,Ziziphus,Terrestrial,dha,0
Plantae,Magnoliopsida,Rosales,Rhamnaceae,Ziziphus,Terrestrial,epa,0
Plantae,Magnoliopsida,Rosales,Rosaceae,Amelanchier,Terrestrial,ala,2.64
Plantae,Magnoliopsida,Rosales,Rosaceae,Amelanchier,Terrestrial,dha,0
Plantae,Magnoliopsida,Rosales,Rosaceae,Amelanchier,Terrestrial,epa,0
Plantae,Magnoliopsida,Rosales,Rosaceae,Aphanes,Terrestrial,ala,63.7
Plantae,Magnoliopsida,Rosales,Rosaceae,Crataegus,Terrestrial,ala,2.13
Plantae,Magnoliopsida,Rosales,Rosaceae,Crataegus,Terrestrial,dha,0
Plantae,Magnoliopsida,Rosales,Rosaceae,Crataegus,Terrestrial,epa,0
Plantae,Magnoliopsida,Rosales,Rosaceae,Potentilla,Terrestrial,ala,45.2
Plantae,Magnoliopsida,Rosales,Rosaceae,Prunus,Terrestrial,ala,1.15
Plantae,Magnoliopsida,Rosales,Rosaceae,Prunus,Terrestrial,dha,0
Plantae,Magnoliopsida,Rosales,Rosaceae,Prunus,Terrestrial,epa,0
Plantae,Magnoliopsida,Rosales,Rosaceae,Rosa,Terrestrial,ala,32.815
Plantae,Magnoliopsida,Rosales,Rosaceae,Rosa,Terrestrial,dha,0
Plantae,Magnoliopsida,Rosales,Rosaceae,Rosa,Terrestrial,epa,0
Plantae,Magnoliopsida,Rosales,Rosaceae,Rubus,Terrestrial,ala,24.65
Plantae,Magnoliopsida,Rosales,Rosaceae,Rubus,Terrestrial,dha,0
Plantae,Magnoliopsida,Rosales,Rosaceae,Rubus,Terrestrial,epa,0
Plantae,Magnoliopsida,Rosales,Urticaceae,Urtica,Terrestrial,ala,23.391666666666666
Plantae,Magnoliopsida,Rosales,Urticaceae,Urtica,Terrestrial,dha,0
Plantae,Magnoliopsida,Rosales,Urticaceae,Urtica,Terrestrial,epa,0
Plantae,Magnoliopsida,Santalales,Ximeniaceae,Ximenia,Terrestrial,ala,10.3
Plantae,Magnoliopsida,Sapindales,Anacardiaceae,Anacardium,Terrestrial,ala,8.75
Plantae,Magnoliopsida,Sapindales,Anacardiaceae,Mangifera,Terrestrial,ala,0.5
Plantae,Magnoliopsida,Sapindales,Anacardiaceae,Pistacia,Terrestrial,ala,0.6499999999999999
Plantae,Magnoliopsida,Sapindales,Anacardiaceae,Pistacia,Terrestrial,dha,0
Plantae,Magnoliopsida,Sapindales,Anacardiaceae,Pistacia,Terrestrial,epa,0
Plantae,Magnoliopsida,Sapindales,Burseraceae,Canarium,Terrestrial,ala,0.5
Plantae,Magnoliopsida,Sapindales,Meliaceae,Entandrophragma,Terrestrial,ala,0.3
Plantae,Magnoliopsida,Sapindales,Sapindaceae,Acer,Terrestrial,ala,7.1
Plantae,Magnoliopsida,Saxifragales,Grossulariaceae,Ribes,Terrestrial,ala,22.41
Plantae,Magnoliopsida,Saxifragales,Grossulariaceae,Ribes,Terrestrial,dha,0
Plantae,Magnoliopsida,Saxifragales,Grossulariaceae,Ribes,Terrestrial,epa,0
Plantae,Magnoliopsida,Saxifragales,Paeoniaceae,Paeonia,Terrestrial,ala,42.458571428571425
Plantae,Magnoliopsida,Solanales,Convolvulaceae,Calystegia,Terrestrial,ala,2.1
Plantae,Magnoliopsida,Solanales,Convolvulaceae,Convolvulus,Terrestrial,ala,1.5
Plantae,Magnoliopsida,Solanales,Solanaceae,Datura,Terrestrial,ala,0.4
Plantae,Magnoliopsida,Solanales,Solanaceae,Nicotiana,Terrestrial,ala,0.9
Plantae,Magnoliopsida,Solanales,Solanaceae,Solanum,Terrestrial,ala,32.25
Plantae,Magnoliopsida,Solanales,Solanaceae,Solanum,Terrestrial,dha,0
Plantae,Magnoliopsida,Solanales,Solanaceae,Solanum,Terrestrial,epa,0
Plantae,Magnoliopsida,Vitales,Vitaceae,Vitis,Terrestrial,ala,0.6
Plantae,Mamiellophyceae,Mamiellales,Mamiellaceae,Micromonas,Marine,ala,4.200625
Plantae,Mamiellophyceae,Mamiellales,Mamiellaceae,Micromonas,Marine,dha,6.529625
Plantae,Mamiellophyceae,Mamiellales,Mamiellaceae,Micromonas,Marine,epa,0.83835
Plantae,Pinopsida,Pinales,Araucariaceae,Agathis,Terrestrial,ala,36.63333333333333
Plantae,Pinopsida,Pinales,Araucariaceae,Agathis,Terrestrial,dha,0
Plantae,Pinopsida,Pinales,Araucariaceae,Agathis,Terrestrial,epa,0
Plantae,Pinopsida,Pinales,Araucariaceae,Araucaria,Terrestrial,ala,22.38
Plantae,Pinopsida,Pinales,Araucariaceae,Araucaria,Terrestrial,dha,0
Plantae,Pinopsida,Pinales,Araucariaceae,Araucaria,Terrestrial,epa,0
Plantae,Pinopsida,Pinales,Cupressaceae,Austrocedrus,Terrestrial,ala,23
Plantae,Pinopsida,Pinales,Cupressaceae,Austrocedrus,Terrestrial,dha,0
Plantae,Pinopsida,Pinales,Cupressaceae,Austrocedrus,Terrestrial,epa,0
Plantae,Pinopsida,Pinales,Cupressaceae,Callitris,Terrestrial,ala,37.9
Plantae,Pinopsida,Pinales,Cupressaceae,Callitris,Terrestrial,dha,0
Plantae,Pinopsida,Pinales,Cupressaceae,Callitris,Terrestrial,epa,0
Plantae,Pinopsida,Pinales,Cupressaceae,Calocedrus,Terrestrial,ala,26.05
Plantae,Pinopsida,Pinales,Cupressaceae,Calocedrus,Terrestrial,dha,0
Plantae,Pinopsida,Pinales,Cupressaceae,Calocedrus,Terrestrial,epa,0
Plantae,Pinopsida,Pinales,Cupressaceae,Cryptomeria,Terrestrial,ala,23.3
Plantae,Pinopsida,Pinales,Cupressaceae,Cryptomeria,Terrestrial,dha,0
Plantae,Pinopsida,Pinales,Cupressaceae,Cryptomeria,Terrestrial,epa,0
Plantae,Pinopsida,Pinales,Cupressaceae,Cunninghamia,Terrestrial,ala,50.05
Plantae,Pinopsida,Pinales,Cupressaceae,Cunninghamia,Terrestrial,dha,0
Plantae,Pinopsida,Pinales,Cupressaceae,Cunninghamia,Terrestrial,epa,0
Plantae,Pinopsida,Pinales,Cupressaceae,Cupressus,Terrestrial,ala,31.343333333333334
Plantae,Pinopsida,Pinales,Cupressaceae,Cupressus,Terrestrial,dha,0
Plantae,Pinopsida,Pinales,Cupressaceae,Cupressus,Terrestrial,epa,0
Plantae,Pinopsida,Pinales,Cupressaceae,Juniperus,Terrestrial,ala,21.696666666666665
Plantae,Pinopsida,Pinales,Cupressaceae,Juniperus,Terrestrial,dha,0
Plantae,Pinopsida,Pinales,Cupressaceae,Juniperus,Terrestrial,epa,0
Plantae,Pinopsida,Pinales,Cupressaceae,Metasequoia,Terrestrial,ala,54.1
Plantae,Pinopsida,Pinales,Cupressaceae,Metasequoia,Terrestrial,dha,0
Plantae,Pinopsida,Pinales,Cupressaceae,Metasequoia,Terrestrial,epa,0
Plantae,Pinopsida,Pinales,Cupressaceae,Platycladus,Terrestrial,ala,31.8
Plantae,Pinopsida,Pinales,Cupressaceae,Platycladus,Terrestrial,dha,0
Plantae,Pinopsida,Pinales,Cupressaceae,Platycladus,Terrestrial,epa,0
Plantae,Pinopsida,Pinales,Cupressaceae,Sequoia,Terrestrial,ala,39.1
Plantae,Pinopsida,Pinales,Cupressaceae,Sequoia,Terrestrial,dha,0
Plantae,Pinopsida,Pinales,Cupressaceae,Sequoia,Terrestrial,epa,0
Plantae,Pinopsida,Pinales,Cupressaceae,Sequoiadendron,Terrestrial,ala,35.7
Plantae,Pinopsida,Pinales,Cupressaceae,Sequoiadendron,Terrestrial,dha,0
Plantae,Pinopsida,Pinales,Cupressaceae,Sequoiadendron,Terrestrial,epa,0
Plantae,Pinopsida,Pinales,Cupressaceae,Taxodium,Terrestrial,ala,43.575
Plantae,Pinopsida,Pinales,Cupressaceae,Taxodium,Terrestrial,dha,0
Plantae,Pinopsida,Pinales,Cupressaceae,Taxodium,Terrestrial,epa,0
Plantae,Pinopsida,Pinales,Cupressaceae,Tetraclinis,Terrestrial,ala,28.8
Plantae,Pinopsida,Pinales,Cupressaceae,Tetraclinis,Terrestrial,dha,0
Plantae,Pinopsida,Pinales,Cupressaceae,Tetraclinis,Terrestrial,epa,0
Plantae,Pinopsida,Pinales,Cupressaceae,Thuja,Terrestrial,ala,27.865000000000002
Plantae,Pinopsida,Pinales,Cupressaceae,Thuja,Terrestrial,dha,0
Plantae,Pinopsida,Pinales,Cupressaceae,Thuja,Terrestrial,epa,0
Plantae,Pinopsida,Pinales,Pinaceae,Abies,Terrestrial,ala,10.385294117647058
Plantae,Pinopsida,Pinales,Pinaceae,Abies,Terrestrial,dha,0
Plantae,Pinopsida,Pinales,Pinaceae,Abies,Terrestrial,epa,0
Plantae,Pinopsida,Pinales,Pinaceae,Cedrus,Terrestrial,ala,13.721666666666666
Plantae,Pinopsida,Pinales,Pinaceae,Cedrus,Terrestrial,dha,0
Plantae,Pinopsida,Pinales,Pinaceae,Cedrus,Terrestrial,epa,0
Plantae,Pinopsida,Pinales,Pinaceae,Keteleeria,Terrestrial,ala,30.9
Plantae,Pinopsida,Pinales,Pinaceae,Keteleeria,Terrestrial,dha,0
Plantae,Pinopsida,Pinales,Pinaceae,Keteleeria,Terrestrial,epa,0
Plantae,Pinopsida,Pinales,Pinaceae,Larix,Terrestrial,ala,33.64714285714285
Plantae,Pinopsida,Pinales,Pinaceae,Larix,Terrestrial,dha,0
Plantae,Pinopsida,Pinales,Pinaceae,Larix,Terrestrial,epa,0
Plantae,Pinopsida,Pinales,Pinaceae,Picea,Terrestrial,ala,15.577272727272728
Plantae,Pinopsida,Pinales,Pinaceae,Picea,Terrestrial,dha,0
Plantae,Pinopsida,Pinales,Pinaceae,Picea,Terrestrial,epa,0
Plantae,Pinopsida,Pinales,Pinaceae,Pinus,Terrestrial,ala,13.328620689655173
Plantae,Pinopsida,Pinales,Pinaceae,Pinus,Terrestrial,dha,0
Plantae,Pinopsida,Pinales,Pinaceae,Pinus,Terrestrial,epa,0
Plantae,Pinopsida,Pinales,Pinaceae,Pseudolarix,Terrestrial,ala,31.7
Plantae,Pinopsida,Pinales,Pinaceae,Pseudolarix,Terrestrial,dha,0
Plantae,Pinopsida,Pinales,Pinaceae,Pseudolarix,Terrestrial,epa,0
Plantae,Pinopsida,Pinales,Pinaceae,Pseudotsuga,Terrestrial,ala,27.675
Plantae,Pinopsida,Pinales,Pinaceae,Pseudotsuga,Terrestrial,dha,0
Plantae,Pinopsida,Pinales,Pinaceae,Pseudotsuga,Terrestrial,epa,0
Plantae,Pinopsida,Pinales,Pinaceae,Tsuga,Terrestrial,ala,19.36
Plantae,Pinopsida,Pinales,Pinaceae,Tsuga,Terrestrial,dha,0
Plantae,Pinopsida,Pinales,Pinaceae,Tsuga,Terrestrial,epa,0
Plantae,Pinopsida,Pinales,Podocarpaceae,Dacrydium,Terrestrial,ala,36.1
Plantae,Pinopsida,Pinales,Podocarpaceae,Dacrydium,Terrestrial,dha,0
Plantae,Pinopsida,Pinales,Podocarpaceae,Dacrydium,Terrestrial,epa,0
Plantae,Pinopsida,Pinales,Podocarpaceae,Podocarpus,Terrestrial,ala,31.875
Plantae,Pinopsida,Pinales,Podocarpaceae,Podocarpus,Terrestrial,dha,0
Plantae,Pinopsida,Pinales,Podocarpaceae,Podocarpus,Terrestrial,epa,0
Plantae,Pinopsida,Pinales,Taxaceae,Cephalotaxus,Terrestrial,ala,40.38333333333333
Plantae,Pinopsida,Pinales,Taxaceae,Cephalotaxus,Terrestrial,dha,0
Plantae,Pinopsida,Pinales,Taxaceae,Cephalotaxus,Terrestrial,epa,0
Plantae,Pinopsida,Pinales,Taxaceae,Taxus,Terrestrial,ala,43.24166666666667
Plantae,Pinopsida,Pinales,Taxaceae,Taxus,Terrestrial,dha,0
Plantae,Pinopsida,Pinales,Taxaceae,Taxus,Terrestrial,epa,0
Plantae,Pinopsida,Pinales,Taxaceae,Torreya,Terrestrial,ala,35.5
Plantae,Pinopsida,Pinales,Taxaceae,Torreya,Terrestrial,dha,0
Plantae,Pinopsida,Pinales,Taxaceae,Torreya,Terrestrial,epa,0
Plantae,Polypodiopsida,Polypodiales,Onocleaceae,Matteuccia,Terrestrial,ala,6.5
Plantae,Polypodiopsida,Polypodiales,Onocleaceae,Matteuccia,Terrestrial,dha,0
Plantae,Polypodiopsida,Polypodiales,Onocleaceae,Matteuccia,Terrestrial,epa,0
Plantae,Polytrichopsida,Polytrichales,Polytrichaceae,Pogonatum,Terrestrial,ala,6.466666666666667
Plantae,Polytrichopsida,Polytrichales,Polytrichaceae,Pogonatum,Terrestrial,dha,0
Plantae,Polytrichopsida,Polytrichales,Polytrichaceae,Pogonatum,Terrestrial,epa,1.5333333333333332
Plantae,Porphyridiophyceae,Porphyridiales,Porphyridiaceae,Rhodosorus,Marine,ala,26.5
Plantae,Porphyridiophyceae,Porphyridiales,Porphyridiaceae,Rhodosorus,Marine,dha,0
Plantae,Porphyridiophyceae,Porphyridiales,Porphyridiaceae,Rhodosorus,Marine,epa,20.7
Plantae,Pyramimonadophyceae,Pyramimonadales,Pyramimonadaceae,Pyramimonas,Marine,ala,3.6708
Plantae,Pyramimonadophyceae,Pyramimonadales,Pyramimonadaceae,Pyramimonas,Marine,dha,3.591
Plantae,Pyramimonadophyceae,Pyramimonadales,Pyramimonadaceae,Pyramimonas,Marine,epa,0.31920000000000004
Plantae,Trebouxiophyceae,Chlorellales,Oocystaceae,Chlorella,Freshwater,ala,20.630880041733334
Plantae,Trebouxiophyceae,Chlorellales,Oocystaceae,Chlorella,Freshwater,dha,0
Plantae,Trebouxiophyceae,Chlorellales,Oocystaceae,Chlorella,Freshwater,epa,2.2079530154
Plantae,Trebouxiophyceae,Chlorellales,Oocystaceae,Chlorella,Marine,ala,16.159815789473683
Plantae,Trebouxiophyceae,Chlorellales,Oocystaceae,Chlorella,Marine,dha,0
Plantae,Trebouxiophyceae,Chlorellales,Oocystaceae,Chlorella,Marine,epa,0
Plantae,Trebouxiophyceae,Chlorellales,Oocystaceae,Nannochloris,Marine,ala,3.2
Plantae,Trebouxiophyceae,Chlorellales,Oocystaceae,Nannochloris,Marine,dha,0
Plantae,Trebouxiophyceae,Chlorellales,Oocystaceae,Nannochloris,Marine,epa,21.7
Plantae,Trebouxiophyceae,Prasiolales,Prasiolaceae,Prasiola,Marine,ala,26.1
Plantae,Trebouxiophyceae,Prasiolales,Prasiolaceae,Prasiola,Marine,dha,0
Plantae,Trebouxiophyceae,Prasiolales,Prasiolaceae,Prasiola,Marine,epa,8.4
Plantae,Trebouxiophyceae,Prasiolales,Prasiolaceae,Stichococcus,Marine,ala,18.836833333333335
Plantae,Trebouxiophyceae,Prasiolales,Prasiolaceae,Stichococcus,Marine,dha,0
Plantae,Trebouxiophyceae,Prasiolales,Prasiolaceae,Stichococcus,Marine,epa,0
Plantae,Trebouxiophyceae,Trebouxiales,Botryococcaceae,Botryococcus,Freshwater,ala,28.433333333333334
Plantae,Trebouxiophyceae,Trebouxiales,Botryococcaceae,Botryococcus,Freshwater,dha,0
Plantae,Trebouxiophyceae,Trebouxiales,Botryococcaceae,Botryococcus,Freshwater,epa,0.016666666666666666
Plantae,Ulvophyceae,Bryopsidales,Bryopsidaceae,Bryopsis,Marine,ala,12.65
Plantae,Ulvophyceae,Bryopsidales,Bryopsidaceae,Bryopsis,Marine,dha,0
Plantae,Ulvophyceae,Bryopsidales,Bryopsidaceae,Bryopsis,Marine,epa,1.75
Plantae,Ulvophyceae,Bryopsidales,Caulerpaceae,Caulerpa,Marine,ala,11.77
Plantae,Ulvophyceae,Bryopsidales,Caulerpaceae,Caulerpa,Marine,dha,0
Plantae,Ulvophyceae,Bryopsidales,Caulerpaceae,Caulerpa,Marine,epa,4.43
Plantae,Ulvophyceae,Bryopsidales,Codiaceae,Codium,Marine,ala,9.1
Plantae,Ulvophyceae,Bryopsidales,Codiaceae,Codium,Marine,dha,0.03333333333333333
Plantae,Ulvophyceae,Bryopsidales,Codiaceae,Codium,Marine,epa,1.76
Plantae,Ulvophyceae,Cladophorales,Cladophoraceae,Chaetomorpha,Marine,ala,7.55
Plantae,Ulvophyceae,Cladophorales,Cladophoraceae,Chaetomorpha,Marine,dha,0
Plantae,Ulvophyceae,Cladophorales,Cladophoraceae,Chaetomorpha,Marine,epa,14.925
Plantae,Ulvophyceae,Cladophorales,Cladophoraceae,Cladophora,Freshwater,ala,1.267
Plantae,Ulvophyceae,Cladophorales,Cladophoraceae,Cladophora,Freshwater,dha,0.060553
Plantae,Ulvophyceae,Cladophorales,Cladophoraceae,Cladophora,Freshwater,epa,9.589540273999999
Plantae,Ulvophyceae,Cladophorales,Cladophoraceae,Cladophora,Marine,ala,3.666666666666667
Plantae,Ulvophyceae,Cladophorales,Cladophoraceae,Cladophora,Marine,dha,0.31
Plantae,Ulvophyceae,Cladophorales,Cladophoraceae,Cladophora,Marine,epa,5.936666666666667
Plantae,Ulvophyceae,Cladophorales,Cladophoraceae,Rhizoclonium,Marine,ala,16
Plantae,Ulvophyceae,Cladophorales,Cladophoraceae,Rhizoclonium,Marine,dha,0.5
Plantae,Ulvophyceae,Cladophorales,Cladophoraceae,Rhizoclonium,Marine,epa,1.6
Plantae,Ulvophyceae,Ulotrichales,Ulotrichaceae,Ulothrix,Marine,ala,9.3
Plantae,Ulvophyceae,Ulotrichales,Ulotrichaceae,Ulothrix,Marine,dha,0
Plantae,Ulvophyceae,Ulotrichales,Ulotrichaceae,Ulothrix,Marine,epa,5
Plantae,Ulvophyceae,Ulotrichales,Ulotrichaceae,Urospora,Marine,ala,5.6
Plantae,Ulvophyceae,Ulotrichales,Ulotrichaceae,Urospora,Marine,dha,0
Plantae,Ulvophyceae,Ulotrichales,Ulotrichaceae,Urospora,Marine,epa,0.8
Plantae,Ulvophyceae,Ulvales,Ulvaceae,Enteromorpha,Marine,ala,16
Plantae,Ulvophyceae,Ulvales,Ulvaceae,Enteromorpha,Marine,dha,0.1285714285714286
Plantae,Ulvophyceae,Ulvales,Ulvaceae,Enteromorpha,Marine,epa,2.6028571428571428
Plantae,Ulvophyceae,Ulvales,Ulvaceae,Ulva,Freshwater,ala,10.45
Plantae,Ulvophyceae,Ulvales,Ulvaceae,Ulva,Freshwater,dha,1.25
Plantae,Ulvophyceae,Ulvales,Ulvaceae,Ulva,Freshwater,epa,1.1
Plantae,Ulvophyceae,Ulvales,Ulvaceae,Ulva,Marine,ala,14.713333333333333
Plantae,Ulvophyceae,Ulvales,Ulvaceae,Ulva,Marine,dha,0.26666666666666666
Plantae,Ulvophyceae,Ulvales,Ulvaceae,Ulva,Marine,epa,2.8333333333333335
Plantae,Ulvophyceae,Ulvales,Ulvellaceae,Entocladia,Marine,ala,12.1
Plantae,Ulvophyceae,Ulvales,Ulvellaceae,Entocladia,Marine,dha,1
Plantae,Ulvophyceae,Ulvales,Ulvellaceae,Entocladia,Marine,epa,4.6
Protozoa,Euglenophyceae,Euglenales,Euglenaceae,Euglena,Freshwater,ala,9.4
Protozoa,Euglenophyceae,Euglenales,Euglenaceae,Euglena,Freshwater,dha,7
Protozoa,Euglenophyceae,Euglenales,Euglenaceae,Euglena,Freshwater,epa,12
Protozoa,Granuloreticulosea,Foraminiferida,Astrorhizidae,Saccorhiza,Marine,ala,3.36
Protozoa,Granuloreticulosea,Foraminiferida,Astrorhizidae,Saccorhiza,Marine,dha,0
Protozoa,Granuloreticulosea,Foraminiferida,Astrorhizidae,Saccorhiza,Marine,epa,3.01
Protozoa,Granuloreticulosea,Foraminiferida,Hormosinidae,Hormosina,Marine,ala,3
Protozoa,Granuloreticulosea,Foraminiferida,Hormosinidae,Hormosina,Marine,dha,0
Protozoa,Granuloreticulosea,Foraminiferida,Hormosinidae,Hormosina,Marine,epa,2.6
