kingdom,order,family,class,genus_matched,fa,ecosystem,concentration
Plantae,Chlamydomonadales,Chlamydomonadaceae,Chlorophyceae,Chlamydomonas,ala,Freshwater,35.99537463
Plantae,Chlamydomonadales,Chlamydomonadaceae,Chlorophyceae,Chlamydomonas,ala,Marine,21.24806019
Plantae,Chlamydomonadales,Chlamydomonadaceae,Chlorophyceae,Chlamydomonas,dha,Freshwater,0
Plantae,Chlamydomonadales,Chlamydomonadaceae,Chlorophyceae,Chlamydomonas,dha,Marine,0
Plantae,Chlamydomonadales,Chlamydomonadaceae,Chlorophyceae,Chlamydomonas,epa,Freshwater,0
Plantae,Chlamydomonadales,Chlamydomonadaceae,Chlorophyceae,Chlamydomonas,epa,Marine,10.99090909
Plantae,Chlamydomonadales,Dunaliellaceae,Chlorophyceae,Dunaliella,ala,Marine,25.47732173
Plantae,Chlamydomonadales,Dunaliellaceae,Chlorophyceae,Dunaliella,dha,Marine,0.108333333
Plantae,Chlamydomonadales,Dunaliellaceae,Chlorophyceae,Dunaliella,epa,Marine,5.766666667
Plantae,Sphaeropleales,Scenedesmaceae,Chlorophyceae,Scenedesmus,ala,Freshwater,26.97489
Plantae,Sphaeropleales,Scenedesmaceae,Chlorophyceae,Scenedesmus,ala,Marine,4.5
Plantae,Sphaeropleales,Scenedesmaceae,Chlorophyceae,Scenedesmus,dha,Freshwater,0.026753481
Plantae,Sphaeropleales,Scenedesmaceae,Chlorophyceae,Scenedesmus,dha,Marine,0
Plantae,Sphaeropleales,Scenedesmaceae,Chlorophyceae,Scenedesmus,epa,Freshwater,0.010942976
Plantae,Sphaeropleales,Scenedesmaceae,Chlorophyceae,Scenedesmus,epa,Marine,0.1
Plantae,Sphaeropleales,Selenastraceae,Chlorophyceae,Monoraphidium,ala,Freshwater,33.73001531
Plantae,Sphaeropleales,Selenastraceae,Chlorophyceae,Monoraphidium,dha,Freshwater,0
Plantae,Sphaeropleales,Selenastraceae,Chlorophyceae,Monoraphidium,epa,Freshwater,0
Plantae,Chlorellales,Oocystaceae,Trebouxiophyceae,Chlorella,ala,Freshwater,20.63088004
Plantae,Chlorellales,Oocystaceae,Trebouxiophyceae,Chlorella,ala,Marine,16.15981579
Plantae,Chlorellales,Oocystaceae,Trebouxiophyceae,Chlorella,dha,Freshwater,0
Plantae,Chlorellales,Oocystaceae,Trebouxiophyceae,Chlorella,dha,Marine,0
Plantae,Chlorellales,Oocystaceae,Trebouxiophyceae,Chlorella,epa,Freshwater,2.207953052
Plantae,Chlorellales,Oocystaceae,Trebouxiophyceae,Chlorella,epa,Marine,0
Plantae,Chlorellales,Oocystaceae,Trebouxiophyceae,Nannochloris,ala,Marine,8.329656667
Plantae,Chlorellales,Oocystaceae,Trebouxiophyceae,Nannochloris,dha,Marine,0.016735
Plantae,Chlorellales,Oocystaceae,Trebouxiophyceae,Nannochloris,epa,Marine,8.304373333
Plantae,Cladophorales,Cladophoraceae,Ulvophyceae,Chaetomorpha,ala,Marine,0
Plantae,Cladophorales,Cladophoraceae,Ulvophyceae,Chaetomorpha,dha,Marine,0
Plantae,Cladophorales,Cladophoraceae,Ulvophyceae,Chaetomorpha,epa,Marine,0.85
Plantae,Cladophorales,Cladophoraceae,Ulvophyceae,Cladophora,ala,Freshwater,1.266997507
Plantae,Cladophorales,Cladophoraceae,Ulvophyceae,Cladophora,ala,Marine,5.433333333
Plantae,Cladophorales,Cladophoraceae,Ulvophyceae,Cladophora,dha,Freshwater,0.060551771
Plantae,Cladophorales,Cladophoraceae,Ulvophyceae,Cladophora,dha,Marine,0.62
Plantae,Cladophorales,Cladophoraceae,Ulvophyceae,Cladophora,epa,Freshwater,9.589540274
Plantae,Cladophorales,Cladophoraceae,Ulvophyceae,Cladophora,epa,Marine,6.773333333
Plantae,Cladophorales,Cladophoraceae,Ulvophyceae,Rhizoclonium,ala,Marine,23.7
Plantae,Cladophorales,Cladophoraceae,Ulvophyceae,Rhizoclonium,dha,Marine,0
Plantae,Cladophorales,Cladophoraceae,Ulvophyceae,Rhizoclonium,epa,Marine,0
Plantae,Trebouxiales,Botryococcaceae,Trebouxiophyceae,Botryococcus,ala,Freshwater,28.43333333
Plantae,Trebouxiales,Botryococcaceae,Trebouxiophyceae,Botryococcus,dha,Freshwater,0
Plantae,Trebouxiales,Botryococcaceae,Trebouxiophyceae,Botryococcus,epa,Freshwater,0.016666667
Plantae,Ulvales,Ulvaceae,Ulvophyceae,Enteromorpha,ala,Marine,16
Plantae,Ulvales,Ulvaceae,Ulvophyceae,Enteromorpha,dha,Marine,0.128571429
Plantae,Ulvales,Ulvaceae,Ulvophyceae,Enteromorpha,epa,Marine,2.602857143
Plantae,Ulvales,Ulvaceae,Ulvophyceae,Ulva,ala,Freshwater,10.45
Plantae,Ulvales,Ulvaceae,Ulvophyceae,Ulva,ala,Marine,14.71333333
Plantae,Ulvales,Ulvaceae,Ulvophyceae,Ulva,dha,Freshwater,1.25
Plantae,Ulvales,Ulvaceae,Ulvophyceae,Ulva,dha,Marine,0.266666667
Plantae,Ulvales,Ulvaceae,Ulvophyceae,Ulva,epa,Freshwater,1.1
Plantae,Ulvales,Ulvaceae,Ulvophyceae,Ulva,epa,Marine,2.833333333
Plantae,Ulvales,Ulvellaceae,Ulvophyceae,Entocladia,ala,Marine,12.1
Plantae,Ulvales,Ulvellaceae,Ulvophyceae,Entocladia,dha,Marine,1
Plantae,Ulvales,Ulvellaceae,Ulvophyceae,Entocladia,epa,Marine,4.6
Plantae,Chlorodendrales,Chlorodendraceae,Chlorodendrophyceae,Tetraselmis,ala,Marine,11.73743333
Plantae,Chlorodendrales,Chlorodendraceae,Chlorodendrophyceae,Tetraselmis,dha,Marine,0.008633333
Plantae,Chlorodendrales,Chlorodendraceae,Chlorodendrophyceae,Tetraselmis,epa,Marine,5.492133333
Plantae,Mamiellales,Mamiellaceae,Mamiellophyceae,Micromonas,ala,Marine,4.200625
Plantae,Mamiellales,Mamiellaceae,Mamiellophyceae,Micromonas,dha,Marine,6.529625
Plantae,Mamiellales,Mamiellaceae,Mamiellophyceae,Micromonas,epa,Marine,0.83835
Plantae,Pyramimonadales,Pyramimonadaceae,Pyramimonadophyceae,Pyramimonas,ala,Marine,3.6708
Plantae,Pyramimonadales,Pyramimonadaceae,Pyramimonadophyceae,Pyramimonas,dha,Marine,3.591
Plantae,Pyramimonadales,Pyramimonadaceae,Pyramimonadophyceae,Pyramimonas,epa,Marine,0.3192
Plantae,Prasiolales,Prasiolaceae,Trebouxiophyceae,Prasiola,ala,Marine,26.1
Plantae,Prasiolales,Prasiolaceae,Trebouxiophyceae,Prasiola,dha,Marine,0
Plantae,Prasiolales,Prasiolaceae,Trebouxiophyceae,Prasiola,epa,Marine,8.4
Plantae,Prasiolales,Prasiolaceae,Trebouxiophyceae,Stichococcus,ala,Marine,18.83683333
Plantae,Prasiolales,Prasiolaceae,Trebouxiophyceae,Stichococcus,dha,Marine,0
Plantae,Prasiolales,Prasiolaceae,Trebouxiophyceae,Stichococcus,epa,Marine,0
Plantae,Porphyridiales,Porphyridiaceae,Porphyridiophyceae,Rhodosorus,ala,Marine,26.5
Plantae,Porphyridiales,Porphyridiaceae,Porphyridiophyceae,Rhodosorus,dha,Marine,0
Plantae,Porphyridiales,Porphyridiaceae,Porphyridiophyceae,Rhodosorus,epa,Marine,20.7
Plantae,Klebsormidiales,Klebsormidiaceae,Klebsormidiophyceae,Klebsormidium,ala,Marine,8.26
Plantae,Klebsormidiales,Klebsormidiaceae,Klebsormidiophyceae,Klebsormidium,dha,Marine,0
Plantae,Klebsormidiales,Klebsormidiaceae,Klebsormidiophyceae,Klebsormidium,epa,Marine,0
Plantae,Alismatales,Zosteraceae,Magnoliopsida,Zostera,ala,Marine,24.12
Plantae,Alismatales,Zosteraceae,Magnoliopsida,Zostera,dha,Marine,0.4
Plantae,Alismatales,Zosteraceae,Magnoliopsida,Zostera,epa,Marine,4.58
Plantae,Alismatales,Araceae,Magnoliopsida,Arum,ala,Terrestrial,0.4
Plantae,Bangiales,Bangiaceae,Bangiophyceae,Porphyra,ala,Marine,2
Plantae,Bangiales,Bangiaceae,Bangiophyceae,Porphyra,dha,Marine,0.02
Plantae,Bangiales,Bangiaceae,Bangiophyceae,Porphyra,epa,Marine,19.932
Plantae,Ceramiales,Delesseriaceae,Florideophyceae,Apoglossum,ala,Marine,2.1
Plantae,Ceramiales,Delesseriaceae,Florideophyceae,Apoglossum,dha,Marine,0
Plantae,Ceramiales,Delesseriaceae,Florideophyceae,Apoglossum,epa,Marine,5.8
Plantae,Ceramiales,Delesseriaceae,Florideophyceae,Delesseria,ala,Marine,0
Plantae,Ceramiales,Delesseriaceae,Florideophyceae,Delesseria,dha,Marine,1
Plantae,Ceramiales,Delesseriaceae,Florideophyceae,Delesseria,epa,Marine,4.4
Plantae,Ceramiales,Delesseriaceae,Florideophyceae,Myriogramme,ala,Marine,0
Plantae,Ceramiales,Delesseriaceae,Florideophyceae,Myriogramme,dha,Marine,0
Plantae,Ceramiales,Delesseriaceae,Florideophyceae,Myriogramme,epa,Marine,48.3
Plantae,Ceramiales,Delesseriaceae,Florideophyceae,Pantoneura,ala,Marine,0
Plantae,Ceramiales,Delesseriaceae,Florideophyceae,Pantoneura,dha,Marine,0
Plantae,Ceramiales,Delesseriaceae,Florideophyceae,Pantoneura,epa,Marine,25.9
Plantae,Ceramiales,Delesseriaceae,Florideophyceae,Phycodrys,ala,Marine,0
Plantae,Ceramiales,Delesseriaceae,Florideophyceae,Phycodrys,dha,Marine,0.3
Plantae,Ceramiales,Delesseriaceae,Florideophyceae,Phycodrys,epa,Marine,4.8
Plantae,Ceramiales,Ceramiaceae,Florideophyceae,Bornetia,ala,Marine,0
Plantae,Ceramiales,Ceramiaceae,Florideophyceae,Bornetia,dha,Marine,0
Plantae,Ceramiales,Ceramiaceae,Florideophyceae,Bornetia,epa,Marine,27.26
Plantae,Ceramiales,Ceramiaceae,Florideophyceae,Callithamnion,ala,Marine,3.5
Plantae,Ceramiales,Ceramiaceae,Florideophyceae,Callithamnion,dha,Marine,0
Plantae,Ceramiales,Ceramiaceae,Florideophyceae,Callithamnion,epa,Marine,43.4
Plantae,Ceramiales,Ceramiaceae,Florideophyceae,Ceramium,ala,Marine,0.633333333
Plantae,Ceramiales,Ceramiaceae,Florideophyceae,Ceramium,dha,Marine,0
Plantae,Ceramiales,Ceramiaceae,Florideophyceae,Ceramium,epa,Marine,21
Plantae,Ceramiales,Ceramiaceae,Florideophyceae,Ptilota,ala,Marine,0.4
Plantae,Ceramiales,Ceramiaceae,Florideophyceae,Ptilota,dha,Marine,0.6
Plantae,Ceramiales,Ceramiaceae,Florideophyceae,Ptilota,epa,Marine,9.4
Plantae,Ceramiales,Rhodomelaceae,Florideophyceae,Laurencia,ala,Marine,0.75
Plantae,Ceramiales,Rhodomelaceae,Florideophyceae,Laurencia,dha,Marine,0
Plantae,Ceramiales,Rhodomelaceae,Florideophyceae,Laurencia,epa,Marine,27.3
Plantae,Ceramiales,Rhodomelaceae,Florideophyceae,Polysiphonia,ala,Marine,0.733333333
Plantae,Ceramiales,Rhodomelaceae,Florideophyceae,Polysiphonia,dha,Marine,0
Plantae,Ceramiales,Rhodomelaceae,Florideophyceae,Polysiphonia,epa,Marine,34.36666667
Plantae,Ceramiales,Rhodomelaceae,Florideophyceae,Rhodomela,ala,Marine,5.8
Plantae,Ceramiales,Rhodomelaceae,Florideophyceae,Rhodomela,dha,Marine,0
Plantae,Ceramiales,Rhodomelaceae,Florideophyceae,Rhodomela,epa,Marine,24.8
Plantae,Ceramiales,Dasyaceae,Florideophyceae,Dasyopsis,ala,Marine,1.8
Plantae,Ceramiales,Dasyaceae,Florideophyceae,Dasyopsis,dha,Marine,0
Plantae,Ceramiales,Dasyaceae,Florideophyceae,Dasyopsis,epa,Marine,10
Plantae,Bryopsidales,Bryopsidaceae,Ulvophyceae,Bryopsis,ala,Marine,12.65
Plantae,Bryopsidales,Bryopsidaceae,Ulvophyceae,Bryopsis,dha,Marine,0
Plantae,Bryopsidales,Bryopsidaceae,Ulvophyceae,Bryopsis,epa,Marine,1.75
Plantae,Bryopsidales,Caulerpaceae,Ulvophyceae,Caulerpa,ala,Marine,11.77
Plantae,Bryopsidales,Caulerpaceae,Ulvophyceae,Caulerpa,dha,Marine,0
Plantae,Bryopsidales,Caulerpaceae,Ulvophyceae,Caulerpa,epa,Marine,4.43
Plantae,Bryopsidales,Codiaceae,Ulvophyceae,Codium,ala,Marine,9.1
Plantae,Bryopsidales,Codiaceae,Ulvophyceae,Codium,dha,Marine,0.033333333
Plantae,Bryopsidales,Codiaceae,Ulvophyceae,Codium,epa,Marine,1.76
Plantae,Corallinales,Corallinaceae,Florideophyceae,Corallina,ala,Marine,2.9
Plantae,Corallinales,Corallinaceae,Florideophyceae,Corallina,dha,Marine,0
Plantae,Corallinales,Corallinaceae,Florideophyceae,Corallina,epa,Marine,43.8
Plantae,Corallinales,Corallinaceae,Florideophyceae,Jania,ala,Marine,0
Plantae,Corallinales,Corallinaceae,Florideophyceae,Jania,dha,Marine,0
Plantae,Corallinales,Corallinaceae,Florideophyceae,Jania,epa,Marine,25.46
Plantae,Gelidiales,Gelidiaceae,Florideophyceae,Gelidium,ala,Marine,1.55
Plantae,Gelidiales,Gelidiaceae,Florideophyceae,Gelidium,dha,Marine,0
Plantae,Gelidiales,Gelidiaceae,Florideophyceae,Gelidium,epa,Marine,21.4
Plantae,Acrochaetiales,Acrochaetiaceae,Florideophyceae,Audouinella,ala,Marine,0
Plantae,Acrochaetiales,Acrochaetiaceae,Florideophyceae,Audouinella,dha,Marine,0
Plantae,Acrochaetiales,Acrochaetiaceae,Florideophyceae,Audouinella,epa,Marine,60.3
Plantae,Acrochaetiales,Acrochaetiaceae,Florideophyceae,Kylinia,ala,Marine,2.3
Plantae,Acrochaetiales,Acrochaetiaceae,Florideophyceae,Kylinia,dha,Marine,0
Plantae,Acrochaetiales,Acrochaetiaceae,Florideophyceae,Kylinia,epa,Marine,25.5
Plantae,Peyssonneliales,Peyssonneliaceae,Florideophyceae,Peyssonnelia,ala,Marine,0.55
Plantae,Peyssonneliales,Peyssonneliaceae,Florideophyceae,Peyssonnelia,dha,Marine,2.43
Plantae,Peyssonneliales,Peyssonneliaceae,Florideophyceae,Peyssonnelia,epa,Marine,21.46
Plantae,Ulotrichales,Ulotrichaceae,Ulvophyceae,Ulothrix,ala,Marine,9.3
Plantae,Ulotrichales,Ulotrichaceae,Ulvophyceae,Ulothrix,dha,Marine,0
Plantae,Ulotrichales,Ulotrichaceae,Ulvophyceae,Ulothrix,epa,Marine,5
Plantae,Ulotrichales,Ulotrichaceae,Ulvophyceae,Urospora,ala,Marine,5.6
Plantae,Ulotrichales,Ulotrichaceae,Ulvophyceae,Urospora,dha,Marine,0
Plantae,Ulotrichales,Ulotrichaceae,Ulvophyceae,Urospora,epa,Marine,0.8
Plantae,Gigartinales,Gigartinaceae,Florideophyceae,Chondrus,ala,Marine,1.55
Plantae,Gigartinales,Gigartinaceae,Florideophyceae,Chondrus,dha,Marine,0.15
Plantae,Gigartinales,Gigartinaceae,Florideophyceae,Chondrus,epa,Marine,13.35
Plantae,Gigartinales,Gigartinaceae,Florideophyceae,Gigartina,ala,Marine,0
Plantae,Gigartinales,Gigartinaceae,Florideophyceae,Gigartina,dha,Marine,0
Plantae,Gigartinales,Gigartinaceae,Florideophyceae,Gigartina,epa,Marine,25.2
Plantae,Gigartinales,Phyllophoraceae,Florideophyceae,Gymnogongrus,ala,Marine,0
Plantae,Gigartinales,Phyllophoraceae,Florideophyceae,Gymnogongrus,dha,Marine,0.5
Plantae,Gigartinales,Phyllophoraceae,Florideophyceae,Gymnogongrus,epa,Marine,44.3
Plantae,Gigartinales,Gloiosiphoniaceae,Florideophyceae,Gloiosiphonia,ala,Marine,1
Plantae,Gigartinales,Gloiosiphoniaceae,Florideophyceae,Gloiosiphonia,dha,Marine,0
Plantae,Gigartinales,Gloiosiphoniaceae,Florideophyceae,Gloiosiphonia,epa,Marine,3.6
Plantae,Gigartinales,Dumontiaceae,Florideophyceae,Hyalosiphonia,ala,Marine,1.2
Plantae,Gigartinales,Dumontiaceae,Florideophyceae,Hyalosiphonia,dha,Marine,0
Plantae,Gigartinales,Dumontiaceae,Florideophyceae,Hyalosiphonia,epa,Marine,12.5
Plantae,Gigartinales,Solieriaceae,Florideophyceae,Eucheuma,ala,Marine,3.88
Plantae,Gigartinales,Solieriaceae,Florideophyceae,Eucheuma,dha,Marine,0
Plantae,Gigartinales,Solieriaceae,Florideophyceae,Eucheuma,epa,Marine,24.98
Plantae,Gracilariales,Gracilariaceae,Florideophyceae,Gracilaria,ala,Marine,0.5
Plantae,Gracilariales,Gracilariaceae,Florideophyceae,Gracilaria,dha,Marine,0.2
Plantae,Gracilariales,Gracilariaceae,Florideophyceae,Gracilaria,epa,Marine,25.8
Plantae,Palmariales,Palmariaceae,Florideophyceae,Palmaria,ala,Marine,0.815
Plantae,Palmariales,Palmariaceae,Florideophyceae,Palmaria,dha,Marine,0.35
Plantae,Palmariales,Palmariaceae,Florideophyceae,Palmaria,epa,Marine,48.20833333
Plantae,Rhodymeniales,Rhodymeniaceae,Florideophyceae,Rhodymenia,ala,Marine,1.1
Plantae,Rhodymeniales,Rhodymeniaceae,Florideophyceae,Rhodymenia,dha,Marine,0
Plantae,Rhodymeniales,Rhodymeniaceae,Florideophyceae,Rhodymenia,epa,Marine,10.8
Plantae,Plocamiales,Plocamiaceae,Florideophyceae,Plocamium,ala,Marine,0
Plantae,Plocamiales,Plocamiaceae,Florideophyceae,Plocamium,dha,Marine,0
Plantae,Plocamiales,Plocamiaceae,Florideophyceae,Plocamium,epa,Marine,7.05
Plantae,Bonnemaisoniales,Bonnemaisoniaceae,Florideophyceae,Asparagopsis,ala,Marine,0
Plantae,Bonnemaisoniales,Bonnemaisoniaceae,Florideophyceae,Asparagopsis,dha,Marine,0
Plantae,Bonnemaisoniales,Bonnemaisoniaceae,Florideophyceae,Asparagopsis,epa,Marine,2.9
Plantae,Poales,Poaceae,Magnoliopsida,Agrostis,ala,Terrestrial,2
Plantae,Poales,Poaceae,Magnoliopsida,Alopecurus,ala,Terrestrial,1.4
Plantae,Poales,Poaceae,Magnoliopsida,Apera,ala,Terrestrial,1.7
Plantae,Poales,Poaceae,Magnoliopsida,Avena,ala,Terrestrial,NA
Plantae,Poales,Poaceae,Magnoliopsida,Avena,dha,Terrestrial,0
Plantae,Poales,Poaceae,Magnoliopsida,Avena,epa,Terrestrial,0
Plantae,Poales,Poaceae,Magnoliopsida,Bromus,ala,Terrestrial,10.05
Plantae,Poales,Poaceae,Magnoliopsida,Cynodon,ala,Terrestrial,6
Plantae,Poales,Poaceae,Magnoliopsida,Echinochloa,ala,Terrestrial,0.5
Plantae,Poales,Poaceae,Magnoliopsida,Lolium,ala,Terrestrial,4.05
Plantae,Poales,Poaceae,Magnoliopsida,Oryza,ala,Terrestrial,1.2
Plantae,Poales,Poaceae,Magnoliopsida,Panicum,ala,Terrestrial,1.68
Plantae,Poales,Poaceae,Magnoliopsida,Phleum,ala,Terrestrial,3.2
Plantae,Poales,Poaceae,Magnoliopsida,Phragmites,ala,Terrestrial,0.1
Plantae,Poales,Poaceae,Magnoliopsida,Phragmites,dha,Terrestrial,0
Plantae,Poales,Poaceae,Magnoliopsida,Phragmites,epa,Terrestrial,0
Plantae,Poales,Poaceae,Magnoliopsida,Poa,ala,Terrestrial,5.033333333
Plantae,Poales,Poaceae,Magnoliopsida,Setaria,ala,Terrestrial,2.533333333
Plantae,Poales,Poaceae,Magnoliopsida,Spartina,ala,Marine,50.9
Plantae,Poales,Poaceae,Magnoliopsida,Spartina,dha,Marine,0
Plantae,Poales,Poaceae,Magnoliopsida,Spartina,epa,Marine,0
Plantae,Poales,Poaceae,Magnoliopsida,Triticum,ala,Terrestrial,6.1
Plantae,Poales,Poaceae,Magnoliopsida,Zea,ala,Terrestrial,1.45
Plantae,Poales,Cyperaceae,Magnoliopsida,Cyperus,ala,Terrestrial,0.35
Plantae,Poales,Juncaceae,Magnoliopsida,Juncus,ala,Terrestrial,1.6
Plantae,Fagales,Betulaceae,Magnoliopsida,Alnus,ala,Terrestrial,17.3
Plantae,Fagales,Betulaceae,Magnoliopsida,Alnus,dha,Terrestrial,0
Plantae,Fagales,Betulaceae,Magnoliopsida,Alnus,epa,Terrestrial,0
Plantae,Fagales,Betulaceae,Magnoliopsida,Betula,ala,Terrestrial,16.5
Plantae,Fagales,Betulaceae,Magnoliopsida,Betula,dha,Terrestrial,0
Plantae,Fagales,Betulaceae,Magnoliopsida,Betula,epa,Terrestrial,0
Plantae,Fagales,Betulaceae,Magnoliopsida,Corylus,ala,Terrestrial,0.1
Plantae,Fagales,Juglandaceae,Magnoliopsida,Juglans,ala,Terrestrial,11.03
Plantae,Sapindales,Anacardiaceae,Magnoliopsida,Anacardium,ala,Terrestrial,8.75
Plantae,Sapindales,Anacardiaceae,Magnoliopsida,Pistacia,ala,Terrestrial,0.65
Plantae,Sapindales,Anacardiaceae,Magnoliopsida,Pistacia,dha,Terrestrial,0
Plantae,Sapindales,Anacardiaceae,Magnoliopsida,Pistacia,epa,Terrestrial,0
Plantae,Sapindales,Sapindaceae,Magnoliopsida,Acer,ala,Terrestrial,7.1
Plantae,Sapindales,Burseraceae,Magnoliopsida,Canarium,ala,Terrestrial,0.5
Plantae,Sapindales,Meliaceae,Magnoliopsida,Entandrophragma,ala,Terrestrial,0.3
Plantae,Cucurbitales,Cucurbitaceae,Magnoliopsida,Bryonia,ala,Terrestrial,35.3
Plantae,Cucurbitales,Cucurbitaceae,Magnoliopsida,Citrullus,ala,Terrestrial,0.175
Plantae,Cucurbitales,Cucurbitaceae,Magnoliopsida,Cucumis,ala,Terrestrial,0.2
Plantae,Lamiales,Lamiaceae,Magnoliopsida,Ajuga,ala,Terrestrial,17.4
Plantae,Lamiales,Lamiaceae,Magnoliopsida,Clinopodium,ala,Terrestrial,61.1
Plantae,Lamiales,Lamiaceae,Magnoliopsida,Lamium,ala,Terrestrial,13.9
Plantae,Lamiales,Lamiaceae,Magnoliopsida,Mentha,ala,Terrestrial,7.7
Plantae,Lamiales,Lamiaceae,Magnoliopsida,Perilla,ala,Terrestrial,54.64
Plantae,Lamiales,Lamiaceae,Magnoliopsida,Salvia,ala,Terrestrial,60.03333333
Plantae,Lamiales,Lamiaceae,Magnoliopsida,Satureja,ala,Terrestrial,57.5
Plantae,Lamiales,Lamiaceae,Magnoliopsida,Stachys,ala,Terrestrial,2.4
Plantae,Lamiales,Lamiaceae,Magnoliopsida,Teucrium,ala,Terrestrial,33.5
Plantae,Lamiales,Plantaginaceae,Magnoliopsida,Kickxia,ala,Terrestrial,0.3
Plantae,Lamiales,Plantaginaceae,Magnoliopsida,Linaria,ala,Terrestrial,1
Plantae,Lamiales,Plantaginaceae,Magnoliopsida,Misopates,ala,Terrestrial,0.4
Plantae,Lamiales,Plantaginaceae,Magnoliopsida,Plantago,ala,Terrestrial,27.562
Plantae,Lamiales,Plantaginaceae,Magnoliopsida,Plantago,dha,Terrestrial,0
Plantae,Lamiales,Plantaginaceae,Magnoliopsida,Plantago,epa,Terrestrial,0
Plantae,Lamiales,Plantaginaceae,Magnoliopsida,Veronica,ala,Terrestrial,1.533333333
Plantae,Lamiales,Orobanchaceae,Magnoliopsida,Melampyrum,ala,Terrestrial,16.4
Plantae,Lamiales,Orobanchaceae,Magnoliopsida,Odontites,ala,Terrestrial,53.6
Plantae,Lamiales,Orobanchaceae,Magnoliopsida,Rhinanthus,ala,Terrestrial,41.5
Plantae,Lamiales,Scrophulariaceae,Magnoliopsida,Verbascum,ala,Terrestrial,0.75
Plantae,Lamiales,Verbenaceae,Magnoliopsida,Verbena,ala,Terrestrial,46.38
Plantae,Lamiales,Pedaliaceae,Magnoliopsida,Sesamum,ala,Terrestrial,0.4
Plantae,Brassicales,Brassicaceae,Magnoliopsida,Alliaria,ala,Terrestrial,28
Plantae,Brassicales,Brassicaceae,Magnoliopsida,Alliaria,dha,Terrestrial,0
Plantae,Brassicales,Brassicaceae,Magnoliopsida,Alliaria,epa,Terrestrial,0
Plantae,Brassicales,Brassicaceae,Magnoliopsida,Arabidopsis,ala,Terrestrial,39.35
Plantae,Brassicales,Brassicaceae,Magnoliopsida,Barbarea,ala,Terrestrial,9.65
Plantae,Brassicales,Brassicaceae,Magnoliopsida,Brassica,ala,Terrestrial,11.39625
Plantae,Brassicales,Brassicaceae,Magnoliopsida,Brassica,dha,Terrestrial,0.7075
Plantae,Brassicales,Brassicaceae,Magnoliopsida,Brassica,epa,Terrestrial,0.2525
Plantae,Brassicales,Brassicaceae,Magnoliopsida,Calepina,ala,Terrestrial,25.4
Plantae,Brassicales,Brassicaceae,Magnoliopsida,Camelina,ala,Terrestrial,41.45
Plantae,Brassicales,Brassicaceae,Magnoliopsida,Capsella,ala,Terrestrial,33.7
Plantae,Brassicales,Brassicaceae,Magnoliopsida,Capsella,dha,Terrestrial,0
Plantae,Brassicales,Brassicaceae,Magnoliopsida,Capsella,epa,Terrestrial,0
Plantae,Brassicales,Brassicaceae,Magnoliopsida,Cardamine,ala,Terrestrial,3.8
Plantae,Brassicales,Brassicaceae,Magnoliopsida,Crambe,ala,Terrestrial,4.8
Plantae,Brassicales,Brassicaceae,Magnoliopsida,Diplotaxis,ala,Terrestrial,19.6
Plantae,Brassicales,Brassicaceae,Magnoliopsida,Diplotaxis,dha,Terrestrial,0
Plantae,Brassicales,Brassicaceae,Magnoliopsida,Diplotaxis,epa,Terrestrial,0
Plantae,Brassicales,Brassicaceae,Magnoliopsida,Eruca,ala,Terrestrial,12.3
Plantae,Brassicales,Brassicaceae,Magnoliopsida,Eruca,dha,Terrestrial,0
Plantae,Brassicales,Brassicaceae,Magnoliopsida,Eruca,epa,Terrestrial,0
Plantae,Brassicales,Brassicaceae,Magnoliopsida,Lepidium,ala,Terrestrial,35.7
Plantae,Brassicales,Brassicaceae,Magnoliopsida,Matthiola,ala,Terrestrial,43.9
Plantae,Brassicales,Brassicaceae,Magnoliopsida,Myagrum,ala,Terrestrial,29.2
Plantae,Brassicales,Brassicaceae,Magnoliopsida,Neslia,ala,Terrestrial,10
Plantae,Brassicales,Brassicaceae,Magnoliopsida,Sinapis,ala,Terrestrial,11.8
Plantae,Brassicales,Brassicaceae,Magnoliopsida,Sisymbrium,ala,Terrestrial,37.6
Plantae,Brassicales,Brassicaceae,Magnoliopsida,Sisymbrium,dha,Terrestrial,0
Plantae,Brassicales,Brassicaceae,Magnoliopsida,Sisymbrium,epa,Terrestrial,0
Plantae,Brassicales,Brassicaceae,Magnoliopsida,Thlaspi,ala,Terrestrial,8.2
Plantae,Brassicales,Resedaceae,Magnoliopsida,Reseda,ala,Terrestrial,4
Plantae,Malvales,Malvaceae,Magnoliopsida,Abutilon,ala,Terrestrial,5.6
Plantae,Malvales,Malvaceae,Magnoliopsida,Adansonia,ala,Terrestrial,2.33
Plantae,Malvales,Malvaceae,Magnoliopsida,Althaea,ala,Terrestrial,1.5
Plantae,Malvales,Malvaceae,Magnoliopsida,Hibiscus,ala,Terrestrial,0.7
Plantae,Malvales,Malvaceae,Magnoliopsida,Malva,ala,Terrestrial,21.55
Plantae,Malvales,Malvaceae,Magnoliopsida,Malva,dha,Terrestrial,0
Plantae,Malvales,Malvaceae,Magnoliopsida,Malva,epa,Terrestrial,0
Plantae,Malvales,Malvaceae,Magnoliopsida,Theobroma,ala,Terrestrial,0.2
Plantae,Ranunculales,Ranunculaceae,Magnoliopsida,Adonis,ala,Terrestrial,1.9
Plantae,Ranunculales,Ranunculaceae,Magnoliopsida,Consolida,ala,Terrestrial,NA
Plantae,Ranunculales,Ranunculaceae,Magnoliopsida,Nigella,ala,Terrestrial,1.45
Plantae,Ranunculales,Ranunculaceae,Magnoliopsida,Ranunculus,ala,Terrestrial,35.575
Plantae,Ranunculales,Papaveraceae,Magnoliopsida,Fumaria,ala,Terrestrial,1.4
Plantae,Ranunculales,Papaveraceae,Magnoliopsida,Papaver,ala,Terrestrial,0.56
Plantae,Apiales,Apiaceae,Magnoliopsida,Aethusa,ala,Terrestrial,0.25
Plantae,Apiales,Apiaceae,Magnoliopsida,Ammi,ala,Terrestrial,0.2
Plantae,Apiales,Apiaceae,Magnoliopsida,Anthriscus,ala,Terrestrial,0.25
Plantae,Apiales,Apiaceae,Magnoliopsida,Bupleurum,ala,Terrestrial,0.6
Plantae,Apiales,Apiaceae,Magnoliopsida,Caucalis,ala,Terrestrial,0.2
Plantae,Apiales,Apiaceae,Magnoliopsida,Cuminum,ala,Terrestrial,0.2
Plantae,Apiales,Apiaceae,Magnoliopsida,Daucus,ala,Terrestrial,0.9
Plantae,Apiales,Apiaceae,Magnoliopsida,Eryngium,ala,Terrestrial,0.6
Plantae,Apiales,Apiaceae,Magnoliopsida,Falcaria,ala,Terrestrial,38.6
Plantae,Apiales,Apiaceae,Magnoliopsida,Heracleum,ala,Terrestrial,0.3
Plantae,Apiales,Apiaceae,Magnoliopsida,Scandix,ala,Terrestrial,0.7
Plantae,Apiales,Apiaceae,Magnoliopsida,Torilis,ala,Terrestrial,0.3
Plantae,Caryophyllales,Amaranthaceae,Magnoliopsida,Amaranthus,ala,Terrestrial,13.05333333
Plantae,Caryophyllales,Amaranthaceae,Magnoliopsida,Amaranthus,dha,Terrestrial,0
Plantae,Caryophyllales,Amaranthaceae,Magnoliopsida,Amaranthus,epa,Terrestrial,0
Plantae,Caryophyllales,Amaranthaceae,Magnoliopsida,Atriplex,ala,Terrestrial,22
Plantae,Caryophyllales,Amaranthaceae,Magnoliopsida,Atriplex,dha,Terrestrial,0
Plantae,Caryophyllales,Amaranthaceae,Magnoliopsida,Atriplex,epa,Terrestrial,0
Plantae,Caryophyllales,Amaranthaceae,Magnoliopsida,Beta,ala,Terrestrial,29.5
Plantae,Caryophyllales,Amaranthaceae,Magnoliopsida,Beta,dha,Terrestrial,0
Plantae,Caryophyllales,Amaranthaceae,Magnoliopsida,Beta,epa,Terrestrial,0
Plantae,Caryophyllales,Amaranthaceae,Magnoliopsida,Chenopodium,ala,Terrestrial,17.69642857
Plantae,Caryophyllales,Amaranthaceae,Magnoliopsida,Chenopodium,dha,Terrestrial,0
Plantae,Caryophyllales,Amaranthaceae,Magnoliopsida,Chenopodium,epa,Terrestrial,0
Plantae,Caryophyllales,Amaranthaceae,Magnoliopsida,Salicornia,ala,Terrestrial,15
Plantae,Caryophyllales,Caryophyllaceae,Magnoliopsida,Arenaria,ala,Terrestrial,0.6
Plantae,Caryophyllales,Caryophyllaceae,Magnoliopsida,Corrigiola,ala,Terrestrial,1
Plantae,Caryophyllales,Caryophyllaceae,Magnoliopsida,Gypsophila,ala,Terrestrial,1.3
Plantae,Caryophyllales,Caryophyllaceae,Magnoliopsida,Silene,ala,Terrestrial,19.63333333
Plantae,Caryophyllales,Caryophyllaceae,Magnoliopsida,Silene,dha,Terrestrial,0
Plantae,Caryophyllales,Caryophyllaceae,Magnoliopsida,Silene,epa,Terrestrial,0
Plantae,Caryophyllales,Caryophyllaceae,Magnoliopsida,Spergularia,ala,Terrestrial,4.5
Plantae,Caryophyllales,Caryophyllaceae,Magnoliopsida,Stellaria,ala,Terrestrial,27.95
Plantae,Caryophyllales,Caryophyllaceae,Magnoliopsida,Stellaria,dha,Terrestrial,0
Plantae,Caryophyllales,Caryophyllaceae,Magnoliopsida,Stellaria,epa,Terrestrial,0
Plantae,Caryophyllales,Polygonaceae,Magnoliopsida,Emex,ala,Terrestrial,29.63
Plantae,Caryophyllales,Polygonaceae,Magnoliopsida,Fallopia,ala,Terrestrial,4.2
Plantae,Caryophyllales,Polygonaceae,Magnoliopsida,Polygonum,ala,Terrestrial,4.7
Plantae,Caryophyllales,Polygonaceae,Magnoliopsida,Rumex,ala,Terrestrial,1.475
Plantae,Caryophyllales,Cactaceae,Magnoliopsida,Opuntia,ala,Terrestrial,7.3
Plantae,Caryophyllales,Portulacaceae,Magnoliopsida,Portulaca,ala,Terrestrial,37.70916667
Plantae,Caryophyllales,Portulacaceae,Magnoliopsida,Portulaca,dha,Terrestrial,0
Plantae,Caryophyllales,Portulacaceae,Magnoliopsida,Portulaca,epa,Terrestrial,0
Plantae,Caryophyllales,Montiaceae,Magnoliopsida,Montia,ala,Terrestrial,55.6
Plantae,Caryophyllales,Montiaceae,Magnoliopsida,Montia,dha,Terrestrial,0
Plantae,Caryophyllales,Montiaceae,Magnoliopsida,Montia,epa,Terrestrial,0
Plantae,Asterales,Asteraceae,Magnoliopsida,Ambrosia,ala,Terrestrial,0.4
Plantae,Asterales,Asteraceae,Magnoliopsida,Anthemis,ala,Terrestrial,0.2
Plantae,Asterales,Asteraceae,Magnoliopsida,Arctium,ala,Terrestrial,0.4
Plantae,Asterales,Asteraceae,Magnoliopsida,Carthamus,ala,Terrestrial,NA
Plantae,Asterales,Asteraceae,Magnoliopsida,Carthamus,dha,Terrestrial,0
Plantae,Asterales,Asteraceae,Magnoliopsida,Carthamus,epa,Terrestrial,0
Plantae,Asterales,Asteraceae,Magnoliopsida,Centaurea,ala,Terrestrial,NA
Plantae,Asterales,Asteraceae,Magnoliopsida,Centaurea,dha,Terrestrial,0
Plantae,Asterales,Asteraceae,Magnoliopsida,Centaurea,epa,Terrestrial,0
Plantae,Asterales,Asteraceae,Magnoliopsida,Chondrilla,ala,Terrestrial,56.3
Plantae,Asterales,Asteraceae,Magnoliopsida,Chondrilla,dha,Terrestrial,0
Plantae,Asterales,Asteraceae,Magnoliopsida,Chondrilla,epa,Terrestrial,0
Plantae,Asterales,Asteraceae,Magnoliopsida,Chrysanthemum,ala,Terrestrial,0.4
Plantae,Asterales,Asteraceae,Magnoliopsida,Cirsium,ala,Terrestrial,4
Plantae,Asterales,Asteraceae,Magnoliopsida,Conyza,ala,Terrestrial,0.6
Plantae,Asterales,Asteraceae,Magnoliopsida,Crepis,ala,Terrestrial,0.4
Plantae,Asterales,Asteraceae,Magnoliopsida,Galinsoga,ala,Terrestrial,0.25
Plantae,Asterales,Asteraceae,Magnoliopsida,Gnaphalium,ala,Terrestrial,0.4
Plantae,Asterales,Asteraceae,Magnoliopsida,Guizotia,ala,Terrestrial,0.1
Plantae,Asterales,Asteraceae,Magnoliopsida,Helianthus,ala,Terrestrial,0.5
Plantae,Asterales,Asteraceae,Magnoliopsida,Lactuca,ala,Terrestrial,0.3
Plantae,Asterales,Asteraceae,Magnoliopsida,Lapsana,ala,Terrestrial,2.1
Plantae,Asterales,Asteraceae,Magnoliopsida,Matricaria,ala,Terrestrial,0.26
Plantae,Asterales,Asteraceae,Magnoliopsida,Micropus,ala,Terrestrial,0.2
Plantae,Asterales,Asteraceae,Magnoliopsida,Picris,ala,Terrestrial,0.3
Plantae,Asterales,Asteraceae,Magnoliopsida,Senecio,ala,Terrestrial,1.233333333
Plantae,Asterales,Asteraceae,Magnoliopsida,Sonchus,ala,Terrestrial,27.98
Plantae,Asterales,Asteraceae,Magnoliopsida,Sonchus,dha,Terrestrial,0
Plantae,Asterales,Asteraceae,Magnoliopsida,Sonchus,epa,Terrestrial,0
Plantae,Asterales,Asteraceae,Magnoliopsida,Taraxacum,ala,Terrestrial,62.75
Plantae,Asterales,Asteraceae,Magnoliopsida,Taraxacum,dha,Terrestrial,0
Plantae,Asterales,Asteraceae,Magnoliopsida,Taraxacum,epa,Terrestrial,0
Plantae,Asterales,Asteraceae,Magnoliopsida,Xanthium,ala,Terrestrial,2.7
Plantae,Asterales,Campanulaceae,Magnoliopsida,Legousia,ala,Terrestrial,16.4
Plantae,Ericales,Primulaceae,Magnoliopsida,Anagallis,ala,Terrestrial,41
Plantae,Ericales,Ericaceae,Magnoliopsida,Arbutus,ala,Terrestrial,36.5
Plantae,Ericales,Ericaceae,Magnoliopsida,Arbutus,dha,Terrestrial,0
Plantae,Ericales,Ericaceae,Magnoliopsida,Arbutus,epa,Terrestrial,0
Plantae,Ericales,Ericaceae,Magnoliopsida,Vaccinium,ala,Terrestrial,22.3
Plantae,Ericales,Sapotaceae,Magnoliopsida,Vitellaria,ala,Terrestrial,0.3
Plantae,Ericales,Ebenaceae,Magnoliopsida,Diospyros,ala,Terrestrial,1.6
Plantae,Boraginales,Boraginaceae,Magnoliopsida,Anchusa,ala,Terrestrial,39.7
Plantae,Boraginales,Boraginaceae,Magnoliopsida,Anchusa,dha,Terrestrial,0
Plantae,Boraginales,Boraginaceae,Magnoliopsida,Anchusa,epa,Terrestrial,0
Plantae,Boraginales,Boraginaceae,Magnoliopsida,Borago,ala,Terrestrial,NA
Plantae,Boraginales,Boraginaceae,Magnoliopsida,Borago,dha,Terrestrial,0
Plantae,Boraginales,Boraginaceae,Magnoliopsida,Borago,epa,Terrestrial,0
Plantae,Boraginales,Boraginaceae,Magnoliopsida,Echium,ala,Terrestrial,37.05
Plantae,Boraginales,Boraginaceae,Magnoliopsida,Lithospermum,ala,Terrestrial,45.1
Plantae,Boraginales,Boraginaceae,Magnoliopsida,Myosotis,ala,Terrestrial,17.8
Plantae,Boraginales,Boraginaceae,Magnoliopsida,Symphytum,ala,Terrestrial,0.8
Plantae,Boraginales,Hydrophyllaceae,Magnoliopsida,Phacelia,ala,Terrestrial,1.6
Plantae,Rosales,Rosaceae,Magnoliopsida,Aphanes,ala,Terrestrial,63.7
Plantae,Rosales,Rosaceae,Magnoliopsida,Potentilla,ala,Terrestrial,45.2
Plantae,Rosales,Rosaceae,Magnoliopsida,Prunus,ala,Terrestrial,1.45
Plantae,Rosales,Rosaceae,Magnoliopsida,Prunus,dha,Terrestrial,0
Plantae,Rosales,Rosaceae,Magnoliopsida,Prunus,epa,Terrestrial,0
Plantae,Rosales,Rosaceae,Magnoliopsida,Rosa,ala,Terrestrial,26.3
Plantae,Rosales,Rosaceae,Magnoliopsida,Rosa,dha,Terrestrial,0
Plantae,Rosales,Rosaceae,Magnoliopsida,Rosa,epa,Terrestrial,0
Plantae,Rosales,Rosaceae,Magnoliopsida,Rubus,ala,Terrestrial,24.65
Plantae,Rosales,Rosaceae,Magnoliopsida,Rubus,dha,Terrestrial,0
Plantae,Rosales,Rosaceae,Magnoliopsida,Rubus,epa,Terrestrial,0
Plantae,Rosales,Urticaceae,Magnoliopsida,Urtica,ala,Terrestrial,15.93333333
Plantae,Rosales,Urticaceae,Magnoliopsida,Urtica,dha,Terrestrial,0
Plantae,Rosales,Urticaceae,Magnoliopsida,Urtica,epa,Terrestrial,0
Plantae,Rosales,Cannabaceae,Magnoliopsida,Cannabis,ala,Terrestrial,19.7
Plantae,Rosales,Elaeagnaceae,Magnoliopsida,Hippophae,ala,Terrestrial,8.8
Plantae,Rosales,Rhamnaceae,Magnoliopsida,Ziziphus,ala,Terrestrial,0.4
Plantae,Rosales,Rhamnaceae,Magnoliopsida,Ziziphus,dha,Terrestrial,0
Plantae,Rosales,Rhamnaceae,Magnoliopsida,Ziziphus,epa,Terrestrial,0
Plantae,Solanales,Convolvulaceae,Magnoliopsida,Calystegia,ala,Terrestrial,2.1
Plantae,Solanales,Convolvulaceae,Magnoliopsida,Convolvulus,ala,Terrestrial,1.5
Plantae,Solanales,Solanaceae,Magnoliopsida,Datura,ala,Terrestrial,0.4
Plantae,Solanales,Solanaceae,Magnoliopsida,Nicotiana,ala,Terrestrial,0.9
Plantae,Solanales,Solanaceae,Magnoliopsida,Solanum,ala,Terrestrial,32.25
Plantae,Solanales,Solanaceae,Magnoliopsida,Solanum,dha,Terrestrial,0
Plantae,Solanales,Solanaceae,Magnoliopsida,Solanum,epa,Terrestrial,0
Plantae,Dipsacales,Dipsacaceae,Magnoliopsida,Cephalaria,ala,Terrestrial,0.4
Plantae,Dipsacales,Dipsacaceae,Magnoliopsida,Dipsacus,ala,Terrestrial,0.4
Plantae,Dipsacales,Dipsacaceae,Magnoliopsida,Knautia,ala,Terrestrial,1
Plantae,Dipsacales,Valerianaceae,Magnoliopsida,Valerianella,ala,Terrestrial,1.3
Plantae,Dipsacales,Adoxaceae,Magnoliopsida,Sambucus,ala,Terrestrial,23.04
Plantae,Myrtales,Onagraceae,Magnoliopsida,Epilobium,ala,Terrestrial,1.95
Plantae,Myrtales,Onagraceae,Magnoliopsida,Oenothera,ala,Terrestrial,0.1
Plantae,Myrtales,Lythraceae,Magnoliopsida,Cuphea,ala,Terrestrial,4.18
Plantae,Myrtales,Lythraceae,Magnoliopsida,Lythrum,ala,Terrestrial,0.1
Plantae,Myrtales,Myrtaceae,Magnoliopsida,Myrtus,ala,Terrestrial,NA
Plantae,Myrtales,Myrtaceae,Magnoliopsida,Myrtus,dha,Terrestrial,0
Plantae,Myrtales,Myrtaceae,Magnoliopsida,Myrtus,epa,Terrestrial,0
Plantae,Geraniales,Geraniaceae,Magnoliopsida,Erodium,ala,Terrestrial,0.3
Plantae,Geraniales,Geraniaceae,Magnoliopsida,Geranium,ala,Terrestrial,NA
Plantae,Malpighiales,Euphorbiaceae,Magnoliopsida,Euphorbia,ala,Terrestrial,58.3
Plantae,Malpighiales,Euphorbiaceae,Magnoliopsida,Jatropha,ala,Terrestrial,0.2
Plantae,Malpighiales,Euphorbiaceae,Magnoliopsida,Mercurialis,ala,Terrestrial,71.1
Plantae,Malpighiales,Violaceae,Magnoliopsida,Viola,ala,Terrestrial,0.6
Plantae,Malpighiales,Linaceae,Magnoliopsida,Linum,ala,Terrestrial,55
Plantae,Gentianales,Rubiaceae,Magnoliopsida,Galium,ala,Terrestrial,7.35
Plantae,Gentianales,Rubiaceae,Magnoliopsida,Sherardia,ala,Terrestrial,3.5
Plantae,Fabales,Fabaceae,Magnoliopsida,Albizia,ala,Terrestrial,1.91
Plantae,Fabales,Fabaceae,Magnoliopsida,Arachis,ala,Terrestrial,0.4
Plantae,Fabales,Fabaceae,Magnoliopsida,Daniellia,ala,Terrestrial,1.12
Plantae,Fabales,Fabaceae,Magnoliopsida,Enterolobium,ala,Terrestrial,10.6
Plantae,Fabales,Fabaceae,Magnoliopsida,Gliricidia,ala,Terrestrial,1.5
Plantae,Fabales,Fabaceae,Magnoliopsida,Glycine,ala,Terrestrial,7.8
Plantae,Fabales,Fabaceae,Magnoliopsida,Lathyrus,ala,Terrestrial,8.7
Plantae,Fabales,Fabaceae,Magnoliopsida,Lonchocarpus,ala,Terrestrial,33
Plantae,Fabales,Fabaceae,Magnoliopsida,Lupinus,ala,Terrestrial,8.2
Plantae,Fabales,Fabaceae,Magnoliopsida,Pentaclethra,dha,Terrestrial,3.7
Plantae,Fabales,Fabaceae,Magnoliopsida,Prosopis,ala,Terrestrial,3.995
Plantae,Fabales,Fabaceae,Magnoliopsida,Pterocarpus,ala,Terrestrial,2.34
Plantae,Fabales,Fabaceae,Magnoliopsida,Sesbania,ala,Terrestrial,29.4
Plantae,Fabales,Fabaceae,Magnoliopsida,Trifolium,ala,Terrestrial,5.7
Plantae,Fabales,Fabaceae,Magnoliopsida,Trigonella,ala,Terrestrial,23.2
Plantae,Fabales,Fabaceae,Magnoliopsida,Vicia,ala,Terrestrial,6.9
Plantae,Asparagales,Asparagaceae,Magnoliopsida,Asparagus,ala,Terrestrial,23.7
Plantae,Asparagales,Asparagaceae,Magnoliopsida,Muscari,ala,Terrestrial,0.45
Plantae,Asparagales,Amaryllidaceae,Magnoliopsida,Allium,ala,Terrestrial,0.3
Plantae,Asparagales,Xanthorrhoeaceae,Magnoliopsida,Asphodelus,ala,Terrestrial,21.64
Plantae,Oxalidales,Oxalidaceae,Magnoliopsida,Oxalis,ala,Terrestrial,0.7
Plantae,Arecales,Arecaceae,Magnoliopsida,Cocos,ala,Terrestrial,0.1
Plantae,Arecales,Arecaceae,Magnoliopsida,Elaeis,ala,Terrestrial,0.3
Plantae,Laurales,Lauraceae,Magnoliopsida,Persea,ala,Terrestrial,1.4
Plantae,Vitales,Vitaceae,Magnoliopsida,Vitis,ala,Terrestrial,0.6
Plantae,Santalales,Ximeniaceae,Magnoliopsida,Ximenia,ala,Terrestrial,10.3
Plantae,Dioscoreales,Dioscoreaceae,Magnoliopsida,Dioscorea,ala,Terrestrial,27.5
Plantae,Pinales,Pinaceae,Pinopsida,Abies,ala,Terrestrial,10.38529412
Plantae,Pinales,Pinaceae,Pinopsida,Abies,dha,Terrestrial,0
Plantae,Pinales,Pinaceae,Pinopsida,Abies,epa,Terrestrial,0
Plantae,Pinales,Pinaceae,Pinopsida,Cedrus,ala,Terrestrial,13.72166667
Plantae,Pinales,Pinaceae,Pinopsida,Cedrus,dha,Terrestrial,0
Plantae,Pinales,Pinaceae,Pinopsida,Cedrus,epa,Terrestrial,0
Plantae,Pinales,Pinaceae,Pinopsida,Keteleeria,ala,Terrestrial,30.9
Plantae,Pinales,Pinaceae,Pinopsida,Keteleeria,dha,Terrestrial,0
Plantae,Pinales,Pinaceae,Pinopsida,Keteleeria,epa,Terrestrial,0
Plantae,Pinales,Pinaceae,Pinopsida,Larix,ala,Terrestrial,33.64714286
Plantae,Pinales,Pinaceae,Pinopsida,Larix,dha,Terrestrial,0
Plantae,Pinales,Pinaceae,Pinopsida,Larix,epa,Terrestrial,0
Plantae,Pinales,Pinaceae,Pinopsida,Picea,ala,Terrestrial,15.57727273
Plantae,Pinales,Pinaceae,Pinopsida,Picea,dha,Terrestrial,0
Plantae,Pinales,Pinaceae,Pinopsida,Picea,epa,Terrestrial,0
Plantae,Pinales,Pinaceae,Pinopsida,Pinus,ala,Terrestrial,13.32862069
Plantae,Pinales,Pinaceae,Pinopsida,Pinus,dha,Terrestrial,0
Plantae,Pinales,Pinaceae,Pinopsida,Pinus,epa,Terrestrial,0
Plantae,Pinales,Pinaceae,Pinopsida,Pseudolarix,ala,Terrestrial,31.7
Plantae,Pinales,Pinaceae,Pinopsida,Pseudolarix,dha,Terrestrial,0
Plantae,Pinales,Pinaceae,Pinopsida,Pseudolarix,epa,Terrestrial,0
Plantae,Pinales,Pinaceae,Pinopsida,Pseudotsuga,ala,Terrestrial,27.675
Plantae,Pinales,Pinaceae,Pinopsida,Pseudotsuga,dha,Terrestrial,0
Plantae,Pinales,Pinaceae,Pinopsida,Pseudotsuga,epa,Terrestrial,0
Plantae,Pinales,Pinaceae,Pinopsida,Tsuga,ala,Terrestrial,19.36
Plantae,Pinales,Pinaceae,Pinopsida,Tsuga,dha,Terrestrial,0
Plantae,Pinales,Pinaceae,Pinopsida,Tsuga,epa,Terrestrial,0
Plantae,Pinales,Podocarpaceae,Pinopsida,Dacrydium,ala,Terrestrial,36.1
Plantae,Pinales,Podocarpaceae,Pinopsida,Dacrydium,dha,Terrestrial,0
Plantae,Pinales,Podocarpaceae,Pinopsida,Dacrydium,epa,Terrestrial,0
Plantae,Pinales,Podocarpaceae,Pinopsida,Podocarpus,ala,Terrestrial,31.875
Plantae,Pinales,Podocarpaceae,Pinopsida,Podocarpus,dha,Terrestrial,0
Plantae,Pinales,Podocarpaceae,Pinopsida,Podocarpus,epa,Terrestrial,0
Plantae,Pinales,Araucariaceae,Pinopsida,Agathis,ala,Terrestrial,36.63333333
Plantae,Pinales,Araucariaceae,Pinopsida,Agathis,dha,Terrestrial,0
Plantae,Pinales,Araucariaceae,Pinopsida,Agathis,epa,Terrestrial,0
Plantae,Pinales,Araucariaceae,Pinopsida,Araucaria,ala,Terrestrial,22.38
Plantae,Pinales,Araucariaceae,Pinopsida,Araucaria,dha,Terrestrial,0
Plantae,Pinales,Araucariaceae,Pinopsida,Araucaria,epa,Terrestrial,0
Plantae,Pinales,Taxaceae,Pinopsida,Cephalotaxus,ala,Terrestrial,40.38333333
Plantae,Pinales,Taxaceae,Pinopsida,Cephalotaxus,dha,Terrestrial,0
Plantae,Pinales,Taxaceae,Pinopsida,Cephalotaxus,epa,Terrestrial,0
Plantae,Pinales,Taxaceae,Pinopsida,Taxus,ala,Terrestrial,43.24166667
Plantae,Pinales,Taxaceae,Pinopsida,Taxus,dha,Terrestrial,0
Plantae,Pinales,Taxaceae,Pinopsida,Taxus,epa,Terrestrial,0
Plantae,Pinales,Taxaceae,Pinopsida,Torreya,ala,Terrestrial,35.5
Plantae,Pinales,Taxaceae,Pinopsida,Torreya,dha,Terrestrial,0
Plantae,Pinales,Taxaceae,Pinopsida,Torreya,epa,Terrestrial,0
Plantae,Pinales,Cupressaceae,Pinopsida,Austrocedrus,ala,Terrestrial,23
Plantae,Pinales,Cupressaceae,Pinopsida,Austrocedrus,dha,Terrestrial,0
Plantae,Pinales,Cupressaceae,Pinopsida,Austrocedrus,epa,Terrestrial,0
Plantae,Pinales,Cupressaceae,Pinopsida,Callitris,ala,Terrestrial,37.9
Plantae,Pinales,Cupressaceae,Pinopsida,Callitris,dha,Terrestrial,0
Plantae,Pinales,Cupressaceae,Pinopsida,Callitris,epa,Terrestrial,0
Plantae,Pinales,Cupressaceae,Pinopsida,Cryptomeria,ala,Terrestrial,23.3
Plantae,Pinales,Cupressaceae,Pinopsida,Cryptomeria,dha,Terrestrial,0
Plantae,Pinales,Cupressaceae,Pinopsida,Cryptomeria,epa,Terrestrial,0
Plantae,Pinales,Cupressaceae,Pinopsida,Cunninghamia,ala,Terrestrial,50.05
Plantae,Pinales,Cupressaceae,Pinopsida,Cunninghamia,dha,Terrestrial,0
Plantae,Pinales,Cupressaceae,Pinopsida,Cunninghamia,epa,Terrestrial,0
Plantae,Pinales,Cupressaceae,Pinopsida,Cupressus,ala,Terrestrial,31.34333333
Plantae,Pinales,Cupressaceae,Pinopsida,Cupressus,dha,Terrestrial,0
Plantae,Pinales,Cupressaceae,Pinopsida,Cupressus,epa,Terrestrial,0
Plantae,Pinales,Cupressaceae,Pinopsida,Juniperus,ala,Terrestrial,22.73333333
Plantae,Pinales,Cupressaceae,Pinopsida,Juniperus,dha,Terrestrial,0
Plantae,Pinales,Cupressaceae,Pinopsida,Juniperus,epa,Terrestrial,0
Plantae,Pinales,Cupressaceae,Pinopsida,Metasequoia,ala,Terrestrial,54.1
Plantae,Pinales,Cupressaceae,Pinopsida,Metasequoia,dha,Terrestrial,0
Plantae,Pinales,Cupressaceae,Pinopsida,Metasequoia,epa,Terrestrial,0
Plantae,Pinales,Cupressaceae,Pinopsida,Platycladus,ala,Terrestrial,31.8
Plantae,Pinales,Cupressaceae,Pinopsida,Platycladus,dha,Terrestrial,0
Plantae,Pinales,Cupressaceae,Pinopsida,Platycladus,epa,Terrestrial,0
Plantae,Pinales,Cupressaceae,Pinopsida,Sequoia,ala,Terrestrial,39.1
Plantae,Pinales,Cupressaceae,Pinopsida,Sequoia,dha,Terrestrial,0
Plantae,Pinales,Cupressaceae,Pinopsida,Sequoia,epa,Terrestrial,0
Plantae,Pinales,Cupressaceae,Pinopsida,Sequoiadendron,ala,Terrestrial,35.7
Plantae,Pinales,Cupressaceae,Pinopsida,Sequoiadendron,dha,Terrestrial,0
Plantae,Pinales,Cupressaceae,Pinopsida,Sequoiadendron,epa,Terrestrial,0
Plantae,Pinales,Cupressaceae,Pinopsida,Taxodium,ala,Terrestrial,43.575
Plantae,Pinales,Cupressaceae,Pinopsida,Taxodium,dha,Terrestrial,0
Plantae,Pinales,Cupressaceae,Pinopsida,Taxodium,epa,Terrestrial,0
Plantae,Pinales,Cupressaceae,Pinopsida,Tetraclinis,ala,Terrestrial,28.8
Plantae,Pinales,Cupressaceae,Pinopsida,Tetraclinis,dha,Terrestrial,0
Plantae,Pinales,Cupressaceae,Pinopsida,Tetraclinis,epa,Terrestrial,0
Plantae,Pinales,Cupressaceae,Pinopsida,Thuja,ala,Terrestrial,27.2
Plantae,Pinales,Cupressaceae,Pinopsida,Thuja,dha,Terrestrial,0
Plantae,Pinales,Cupressaceae,Pinopsida,Thuja,epa,Terrestrial,0
Plantae,Hypnales,Hypnaceae,Bryopsida,Ctenidium,ala,Terrestrial,8.9
Plantae,Hypnales,Hypnaceae,Bryopsida,Ctenidium,dha,Terrestrial,0
Plantae,Hypnales,Hypnaceae,Bryopsida,Ctenidium,epa,Terrestrial,4.3
Plantae,Hypnales,Fontinalaceae,Bryopsida,Fontinalis,ala,Terrestrial,11.78181818
Plantae,Hypnales,Fontinalaceae,Bryopsida,Fontinalis,dha,Terrestrial,0.148181818
Plantae,Hypnales,Fontinalaceae,Bryopsida,Fontinalis,epa,Terrestrial,3.739545455
Plantae,Polytrichales,Polytrichaceae,Polytrichopsida,Pogonatum,ala,Terrestrial,6.466666667
Plantae,Polytrichales,Polytrichaceae,Polytrichopsida,Pogonatum,dha,Terrestrial,0
Plantae,Polytrichales,Polytrichaceae,Polytrichopsida,Pogonatum,epa,Terrestrial,1.533333333
Plantae,Dicranales,Dicranaceae,Bryopsida,Dichodontium,ala,Terrestrial,20.63333333
Plantae,Dicranales,Dicranaceae,Bryopsida,Dichodontium,dha,Terrestrial,0
Plantae,Dicranales,Dicranaceae,Bryopsida,Dichodontium,epa,Terrestrial,1.733333333
Plantae,Pottiales,Pottiaceae,Bryopsida,Tortella,ala,Terrestrial,20.46666667
Plantae,Pottiales,Pottiaceae,Bryopsida,Tortella,dha,Terrestrial,0
Plantae,Pottiales,Pottiaceae,Bryopsida,Tortella,epa,Terrestrial,1.733333333
Plantae,Cycadales,Cycadaceae,Cycadopsida,Cycas,ala,Terrestrial,38.3
Plantae,Cycadales,Cycadaceae,Cycadopsida,Cycas,dha,Terrestrial,0
Plantae,Cycadales,Cycadaceae,Cycadopsida,Cycas,epa,Terrestrial,0
Plantae,Cycadales,Zamiaceae,Cycadopsida,Bowenia,ala,Terrestrial,36.5
Plantae,Cycadales,Zamiaceae,Cycadopsida,Bowenia,dha,Terrestrial,0
Plantae,Cycadales,Zamiaceae,Cycadopsida,Bowenia,epa,Terrestrial,0
Plantae,Cycadales,Zamiaceae,Cycadopsida,Ceratozamia,ala,Terrestrial,34.2
Plantae,Cycadales,Zamiaceae,Cycadopsida,Ceratozamia,dha,Terrestrial,0
Plantae,Cycadales,Zamiaceae,Cycadopsida,Ceratozamia,epa,Terrestrial,0
Plantae,Cycadales,Zamiaceae,Cycadopsida,Dioon,ala,Terrestrial,33.1
Plantae,Cycadales,Zamiaceae,Cycadopsida,Dioon,dha,Terrestrial,0
Plantae,Cycadales,Zamiaceae,Cycadopsida,Dioon,epa,Terrestrial,0
Plantae,Cycadales,Zamiaceae,Cycadopsida,Encephalartos,ala,Terrestrial,24.9
Plantae,Cycadales,Zamiaceae,Cycadopsida,Encephalartos,dha,Terrestrial,0
Plantae,Cycadales,Zamiaceae,Cycadopsida,Encephalartos,epa,Terrestrial,0
Plantae,Cycadales,Zamiaceae,Cycadopsida,Lepidozamia,ala,Terrestrial,40.1
Plantae,Cycadales,Zamiaceae,Cycadopsida,Lepidozamia,dha,Terrestrial,0
Plantae,Cycadales,Zamiaceae,Cycadopsida,Lepidozamia,epa,Terrestrial,0
Plantae,Cycadales,Zamiaceae,Cycadopsida,Macrozamia,ala,Terrestrial,36.9
Plantae,Cycadales,Zamiaceae,Cycadopsida,Macrozamia,dha,Terrestrial,0
Plantae,Cycadales,Zamiaceae,Cycadopsida,Macrozamia,epa,Terrestrial,0
Plantae,Cycadales,Zamiaceae,Cycadopsida,Microcycas,ala,Terrestrial,47.9
Plantae,Cycadales,Zamiaceae,Cycadopsida,Microcycas,dha,Terrestrial,0
Plantae,Cycadales,Zamiaceae,Cycadopsida,Microcycas,epa,Terrestrial,0
Plantae,Cycadales,Zamiaceae,Cycadopsida,Stangeria,ala,Terrestrial,27.5
Plantae,Cycadales,Zamiaceae,Cycadopsida,Stangeria,dha,Terrestrial,0
Plantae,Cycadales,Zamiaceae,Cycadopsida,Stangeria,epa,Terrestrial,0
Plantae,Cycadales,Zamiaceae,Cycadopsida,Zamia,ala,Terrestrial,41
Plantae,Cycadales,Zamiaceae,Cycadopsida,Zamia,dha,Terrestrial,0
Plantae,Cycadales,Zamiaceae,Cycadopsida,Zamia,epa,Terrestrial,0
Plantae,Ephedrales,Ephedraceae,Gnetopsida,Ephedra,ala,Terrestrial,35.3
Plantae,Ephedrales,Ephedraceae,Gnetopsida,Ephedra,dha,Terrestrial,0
Plantae,Ephedrales,Ephedraceae,Gnetopsida,Ephedra,epa,Terrestrial,0
Plantae,Ephedrales,Gnetaceae,Gnetopsida,Gnetum,ala,Terrestrial,29.9
Plantae,Ephedrales,Gnetaceae,Gnetopsida,Gnetum,dha,Terrestrial,0
Plantae,Ephedrales,Gnetaceae,Gnetopsida,Gnetum,epa,Terrestrial,0
Plantae,Ephedrales,Welwitschiaceae,Gnetopsida,Welwitschia,ala,Terrestrial,45.6
Plantae,Ephedrales,Welwitschiaceae,Gnetopsida,Welwitschia,dha,Terrestrial,0
Plantae,Ephedrales,Welwitschiaceae,Gnetopsida,Welwitschia,epa,Terrestrial,0
Plantae,Saxifragales,Paeoniaceae,Magnoliopsida,Paeonia,ala,Terrestrial,42.45857143
Plantae,Celastrales,Celastraceae,Magnoliopsida,Catha,ala,Terrestrial,50.8
Chromista,Cryptomonadales,Cryptomonadaceae,Cryptophyceae,Chroomonas,ala,Marine,12.1454
Chromista,Cryptomonadales,Cryptomonadaceae,Cryptophyceae,Chroomonas,dha,Marine,2.032566667
Chromista,Cryptomonadales,Cryptomonadaceae,Cryptophyceae,Chroomonas,epa,Marine,8.0215
Chromista,Cryptomonadales,Cryptomonadaceae,Cryptophyceae,Cryptomonas,ala,Freshwater,25.18042134
Chromista,Cryptomonadales,Cryptomonadaceae,Cryptophyceae,Cryptomonas,dha,Freshwater,3.5795385
Chromista,Cryptomonadales,Cryptomonadaceae,Cryptophyceae,Cryptomonas,epa,Freshwater,1.39434173
Chromista,Cryptomonadales,Cryptomonadaceae,Cryptophyceae,Rhodomonas,ala,Freshwater,34.26585629
Chromista,Cryptomonadales,Cryptomonadaceae,Cryptophyceae,Rhodomonas,ala,Marine,13.27213135
Chromista,Cryptomonadales,Cryptomonadaceae,Cryptophyceae,Rhodomonas,dha,Freshwater,2.552962628
Chromista,Cryptomonadales,Cryptomonadaceae,Cryptophyceae,Rhodomonas,dha,Marine,4.978229348
Chromista,Cryptomonadales,Cryptomonadaceae,Cryptophyceae,Rhodomonas,epa,Freshwater,16.33040467
Chromista,Cryptomonadales,Cryptomonadaceae,Cryptophyceae,Rhodomonas,epa,Marine,6.571351839
Chromista,Peridiniales,Peridiniaceae,Dinophyceae,Heterocapsa,ala,Marine,2.711812678
Chromista,Peridiniales,Peridiniaceae,Dinophyceae,Heterocapsa,dha,Marine,17.95791827
Chromista,Peridiniales,Peridiniaceae,Dinophyceae,Heterocapsa,epa,Marine,0.155810418
Chromista,Peridiniales,Peridiniaceae,Dinophyceae,Peridinium,ala,Freshwater,4.027668401
Chromista,Peridiniales,Peridiniaceae,Dinophyceae,Peridinium,dha,Freshwater,13.13495295
Chromista,Peridiniales,Peridiniaceae,Dinophyceae,Peridinium,epa,Freshwater,8.9531994
Chromista,Peridiniales,Glenodiniaceae,Dinophyceae,Peridiniopsis,ala,Freshwater,0
Chromista,Peridiniales,Glenodiniaceae,Dinophyceae,Peridiniopsis,dha,Freshwater,8.201458318
Chromista,Peridiniales,Glenodiniaceae,Dinophyceae,Peridiniopsis,epa,Freshwater,5.791751496
Chromista,Isochrysidales,Isochrysidaceae,Prymnesiophyceae,Isochrysis,ala,Freshwater,21.99572709
Chromista,Isochrysidales,Isochrysidaceae,Prymnesiophyceae,Isochrysis,ala,Marine,4.876353768
Chromista,Isochrysidales,Isochrysidaceae,Prymnesiophyceae,Isochrysis,dha,Freshwater,15.64659082
Chromista,Isochrysidales,Isochrysidaceae,Prymnesiophyceae,Isochrysis,dha,Marine,8.977677601
Chromista,Isochrysidales,Isochrysidaceae,Prymnesiophyceae,Isochrysis,epa,Freshwater,2.623084138
Chromista,Isochrysidales,Isochrysidaceae,Prymnesiophyceae,Isochrysis,epa,Marine,1.605583782
Chromista,Chromalinales,Chromulinaceae,Chrysophyceae,Chromulina,ala,Freshwater,2.321523608
Chromista,Chromalinales,Chromulinaceae,Chrysophyceae,Chromulina,dha,Freshwater,2.253065843
Chromista,Chromalinales,Chromulinaceae,Chrysophyceae,Chromulina,epa,Freshwater,0
Chromista,Thalassiosirales,Stephanodiscaceae,Bacillariophyceae,Cyclotella,ala,Freshwater,1.145655421
Chromista,Thalassiosirales,Stephanodiscaceae,Bacillariophyceae,Cyclotella,dha,Freshwater,3.503887053
Chromista,Thalassiosirales,Stephanodiscaceae,Bacillariophyceae,Cyclotella,epa,Freshwater,0.948070749
Chromista,Thalassiosirales,Thalassiosiraceae,Bacillariophyceae,Thalassiosira,ala,Marine,1.017991789
Chromista,Thalassiosirales,Thalassiosiraceae,Bacillariophyceae,Thalassiosira,dha,Marine,3.591221488
Chromista,Thalassiosirales,Thalassiosiraceae,Bacillariophyceae,Thalassiosira,epa,Marine,15.56557477
Chromista,Thalassiosirales,Skeletonemataceae,Bacillariophyceae,Skeletonema,ala,Marine,1.681723262
Chromista,Thalassiosirales,Skeletonemataceae,Bacillariophyceae,Skeletonema,dha,Marine,3.336627318
Chromista,Thalassiosirales,Skeletonemataceae,Bacillariophyceae,Skeletonema,epa,Marine,11.1358023
Chromista,Ochromonadales,Synuraceae,Chrysophyceae,Mallomonas,ala,Freshwater,8.5
Chromista,Ochromonadales,Synuraceae,Chrysophyceae,Mallomonas,dha,Freshwater,11
Chromista,Ochromonadales,Synuraceae,Chrysophyceae,Mallomonas,epa,Freshwater,7
Chromista,Ochromonadales,Synuraceae,Chrysophyceae,Synura,ala,Freshwater,13.4
Chromista,Ochromonadales,Synuraceae,Chrysophyceae,Synura,dha,Freshwater,5
Chromista,Ochromonadales,Synuraceae,Chrysophyceae,Synura,epa,Freshwater,2
Chromista,Ochromonadales,Ochromonadaceae,Chrysophyceae,Pavlova,ala,Marine,2.091519925
Chromista,Ochromonadales,Ochromonadaceae,Chrysophyceae,Pavlova,dha,Marine,8.389644733
Chromista,Ochromonadales,Ochromonadaceae,Chrysophyceae,Pavlova,epa,Marine,17.25393899
Chromista,Fragilariales,Fragilariaceae,Bacillariophyceae,Diatoma,ala,Freshwater,0.3
Chromista,Fragilariales,Fragilariaceae,Bacillariophyceae,Diatoma,dha,Freshwater,0.9
Chromista,Fragilariales,Fragilariaceae,Bacillariophyceae,Diatoma,epa,Freshwater,40.6
Chromista,Fragilariales,Fragilariaceae,Bacillariophyceae,Fragilaria,ala,Freshwater,0
Chromista,Fragilariales,Fragilariaceae,Bacillariophyceae,Fragilaria,dha,Freshwater,0.9
Chromista,Fragilariales,Fragilariaceae,Bacillariophyceae,Fragilaria,epa,Freshwater,14.1
Chromista,Fragilariales,Fragilariaceae,Bacillariophyceae,Synedra,ala,Marine,1.597829299
Chromista,Fragilariales,Fragilariaceae,Bacillariophyceae,Synedra,dha,Marine,1.49770898
Chromista,Fragilariales,Fragilariaceae,Bacillariophyceae,Synedra,epa,Marine,11.01292807
Chromista,Gymnodiniales,Gymnodiniaceae,Dinophyceae,Amphidinium,ala,Marine,2.850404858
Chromista,Gymnodiniales,Gymnodiniaceae,Dinophyceae,Amphidinium,dha,Marine,15.32613585
Chromista,Gymnodiniales,Gymnodiniaceae,Dinophyceae,Amphidinium,epa,Marine,8.577912731
Chromista,Gymnodiniales,Gymnodiniaceae,Dinophyceae,Gymnodinium,ala,Marine,2.307852957
Chromista,Gymnodiniales,Gymnodiniaceae,Dinophyceae,Gymnodinium,dha,Marine,20.28174911
Chromista,Gymnodiniales,Gymnodiniaceae,Dinophyceae,Gymnodinium,epa,Marine,10.81008532
Chromista,Prymnesiales,Phaeocystaceae,Prymnesiophyceae,Phaeocystis,ala,Marine,4.202307692
Chromista,Prymnesiales,Phaeocystaceae,Prymnesiophyceae,Phaeocystis,dha,Marine,1.210769231
Chromista,Prymnesiales,Phaeocystaceae,Prymnesiophyceae,Phaeocystis,epa,Marine,0.812307692
Chromista,Prymnesiales,Syracosphaeraceae,Prymnesiophyceae,Hymenomonas,ala,Marine,13.5
Chromista,Prymnesiales,Syracosphaeraceae,Prymnesiophyceae,Hymenomonas,dha,Marine,1.2
Chromista,Prymnesiales,Syracosphaeraceae,Prymnesiophyceae,Hymenomonas,epa,Marine,1.3
Chromista,Prymnesiales,Syracosphaeraceae,Prymnesiophyceae,Syracosphaera,ala,Marine,9.5
Chromista,Prymnesiales,Syracosphaeraceae,Prymnesiophyceae,Syracosphaera,dha,Marine,8.6
Chromista,Prymnesiales,Syracosphaeraceae,Prymnesiophyceae,Syracosphaera,epa,Marine,3.9
Chromista,Prymnesiales,Chrysotilaceae,Prymnesiophyceae,Chrysotila,ala,Marine,5.4
Chromista,Prymnesiales,Chrysotilaceae,Prymnesiophyceae,Chrysotila,dha,Marine,0.4
Chromista,Prymnesiales,Chrysotilaceae,Prymnesiophyceae,Chrysotila,epa,Marine,0.15
Chromista,Thalassiophysales,Catenulaceae,Bacillariophyceae,Amphora,ala,Marine,0.269488
Chromista,Thalassiophysales,Catenulaceae,Bacillariophyceae,Amphora,dha,Marine,0.148058
Chromista,Thalassiophysales,Catenulaceae,Bacillariophyceae,Amphora,epa,Marine,8.5809172
Chromista,Naviculales,Pinnulariaceae,Bacillariophyceae,Caloneis,ala,Marine,0.0761145
Chromista,Naviculales,Pinnulariaceae,Bacillariophyceae,Caloneis,dha,Marine,0
Chromista,Naviculales,Pinnulariaceae,Bacillariophyceae,Caloneis,epa,Marine,4.899006
Chromista,Naviculales,Naviculaceae,Bacillariophyceae,Amphiprora,ala,Marine,1.4
Chromista,Naviculales,Naviculaceae,Bacillariophyceae,Amphiprora,dha,Marine,1.9
Chromista,Naviculales,Naviculaceae,Bacillariophyceae,Amphiprora,epa,Marine,30
Chromista,Naviculales,Naviculaceae,Bacillariophyceae,Navicula,ala,Marine,0.699740222
Chromista,Naviculales,Naviculaceae,Bacillariophyceae,Navicula,dha,Marine,1.008350571
Chromista,Naviculales,Naviculaceae,Bacillariophyceae,Navicula,epa,Marine,10.48653111
Chromista,Naviculales,Naviculaceae,Bacillariophyceae,Seminavis,ala,Marine,0.215984
Chromista,Naviculales,Naviculaceae,Bacillariophyceae,Seminavis,dha,Marine,0.0337475
Chromista,Naviculales,Naviculaceae,Bacillariophyceae,Seminavis,epa,Marine,9.5640415
Chromista,Naviculales,Phaeodactylaceae,Bacillariophyceae,Phaeodactylum,ala,Marine,1.567000812
Chromista,Naviculales,Phaeodactylaceae,Bacillariophyceae,Phaeodactylum,dha,Marine,2.146143885
Chromista,Naviculales,Phaeodactylaceae,Bacillariophyceae,Phaeodactylum,epa,Marine,21.16403097
Chromista,Naviculales,Stauroneidaceae,Bacillariophyceae,Stauroneis,ala,Marine,1.54
Chromista,Naviculales,Stauroneidaceae,Bacillariophyceae,Stauroneis,dha,Marine,2.56
Chromista,Naviculales,Stauroneidaceae,Bacillariophyceae,Stauroneis,epa,Marine,25.13
Chromista,Achnanthales,Cocconeidaceae,Bacillariophyceae,Cocconeis,ala,Marine,0
Chromista,Achnanthales,Cocconeidaceae,Bacillariophyceae,Cocconeis,dha,Marine,1.69312
Chromista,Achnanthales,Cocconeidaceae,Bacillariophyceae,Cocconeis,epa,Marine,6.57712
Chromista,Bacillariales,Bacillariaceae,Bacillariophyceae,Cylindrotheca,ala,Marine,0.0202485
Chromista,Bacillariales,Bacillariaceae,Bacillariophyceae,Cylindrotheca,dha,Marine,0.026998
Chromista,Bacillariales,Bacillariaceae,Bacillariophyceae,Cylindrotheca,epa,Marine,0.323976
Chromista,Bacillariales,Bacillariaceae,Bacillariophyceae,Nitzschia,ala,Marine,1.463333333
Chromista,Bacillariales,Bacillariaceae,Bacillariophyceae,Nitzschia,dha,Marine,0.955555556
Chromista,Bacillariales,Bacillariaceae,Bacillariophyceae,Nitzschia,epa,Marine,16.75095238
Chromista,Chaetocerotales,Chaetocerotaceae,Bacillariophyceae,Chaetoceros,ala,Marine,0.941026976
Chromista,Chaetocerotales,Chaetocerotaceae,Bacillariophyceae,Chaetoceros,dha,Marine,0.891030609
Chromista,Chaetocerotales,Chaetocerotaceae,Bacillariophyceae,Chaetoceros,epa,Marine,8.9729957
Chromista,Melosirales,Melosiraceae,Bacillariophyceae,Melosira,ala,Marine,0.179577
Chromista,Melosirales,Melosiraceae,Bacillariophyceae,Melosira,dha,Marine,0.259389
Chromista,Melosirales,Melosiraceae,Bacillariophyceae,Melosira,epa,Marine,1.124019
Chromista,Fucales,Fucaceae,Phaeophyceae,Ascophyllum,ala,Marine,2
Chromista,Fucales,Fucaceae,Phaeophyceae,Ascophyllum,dha,Marine,0
Chromista,Fucales,Fucaceae,Phaeophyceae,Ascophyllum,epa,Marine,4
Chromista,Fucales,Fucaceae,Phaeophyceae,Fucus,ala,Marine,4.592
Chromista,Fucales,Fucaceae,Phaeophyceae,Fucus,dha,Marine,0.04
Chromista,Fucales,Fucaceae,Phaeophyceae,Fucus,epa,Marine,5.214
Chromista,Fucales,Fucaceae,Phaeophyceae,Pelvetia,ala,Marine,2.3
Chromista,Fucales,Fucaceae,Phaeophyceae,Pelvetia,dha,Marine,0
Chromista,Fucales,Fucaceae,Phaeophyceae,Pelvetia,epa,Marine,1.9
Chromista,Fucales,Cystoseiraceae,Phaeophyceae,Cystoseira,ala,Marine,10.9
Chromista,Fucales,Cystoseiraceae,Phaeophyceae,Cystoseira,dha,Marine,0
Chromista,Fucales,Cystoseiraceae,Phaeophyceae,Cystoseira,epa,Marine,10.6
Chromista,Fucales,Cystoseiraceae,Phaeophyceae,Halidrys,ala,Marine,5.8
Chromista,Fucales,Cystoseiraceae,Phaeophyceae,Halidrys,dha,Marine,0
Chromista,Fucales,Cystoseiraceae,Phaeophyceae,Halidrys,epa,Marine,3.6
Chromista,Fucales,Sargassaceae,Phaeophyceae,Sargassum,ala,Marine,5.6675
Chromista,Fucales,Sargassaceae,Phaeophyceae,Sargassum,dha,Marine,1.219166667
Chromista,Fucales,Sargassaceae,Phaeophyceae,Sargassum,epa,Marine,6.3925
Chromista,Fucales,Himanthaliaceae,Phaeophyceae,Himanthalia,ala,Marine,7.78
Chromista,Fucales,Himanthaliaceae,Phaeophyceae,Himanthalia,dha,Marine,0
Chromista,Fucales,Himanthaliaceae,Phaeophyceae,Himanthalia,epa,Marine,4.135
Chromista,Laminariales,Lessoniaceae,Phaeophyceae,Nereocystis,ala,Marine,7.57
Chromista,Laminariales,Lessoniaceae,Phaeophyceae,Nereocystis,dha,Marine,0.1
Chromista,Laminariales,Lessoniaceae,Phaeophyceae,Nereocystis,epa,Marine,12.58
Chromista,Laminariales,Alariaceae,Phaeophyceae,Alaria,ala,Marine,9.3
Chromista,Laminariales,Alariaceae,Phaeophyceae,Alaria,dha,Marine,0.1
Chromista,Laminariales,Alariaceae,Phaeophyceae,Alaria,epa,Marine,12.9
Chromista,Laminariales,Laminariaceae,Phaeophyceae,Agarum,ala,Marine,4.1
Chromista,Laminariales,Laminariaceae,Phaeophyceae,Agarum,dha,Marine,0
Chromista,Laminariales,Laminariaceae,Phaeophyceae,Agarum,epa,Marine,9.2
Chromista,Laminariales,Laminariaceae,Phaeophyceae,Costaria,ala,Marine,3.8
Chromista,Laminariales,Laminariaceae,Phaeophyceae,Costaria,dha,Marine,0
Chromista,Laminariales,Laminariaceae,Phaeophyceae,Costaria,epa,Marine,5.6
Chromista,Laminariales,Laminariaceae,Phaeophyceae,Laminaria,ala,Marine,5.954615385
Chromista,Laminariales,Laminariaceae,Phaeophyceae,Laminaria,dha,Marine,0.023076923
Chromista,Laminariales,Laminariaceae,Phaeophyceae,Laminaria,epa,Marine,14.93230769
Chromista,Laminariales,Chordaceae,Phaeophyceae,Chorda,ala,Marine,8
Chromista,Laminariales,Chordaceae,Phaeophyceae,Chorda,dha,Marine,0
Chromista,Laminariales,Chordaceae,Phaeophyceae,Chorda,epa,Marine,13.2
Chromista,Coscinodiscales,Coscinodiscaceae,Bacillariophyceae,Coscinodiscus,ala,Marine,2.33
Chromista,Coscinodiscales,Coscinodiscaceae,Bacillariophyceae,Coscinodiscus,dha,Marine,2.87
Chromista,Coscinodiscales,Coscinodiscaceae,Bacillariophyceae,Coscinodiscus,epa,Marine,13.59
Chromista,Thalassionematales,Thalassionemataceae,Bacillariophyceae,Thalassionema,ala,Marine,0.6
Chromista,Thalassionematales,Thalassionemataceae,Bacillariophyceae,Thalassionema,dha,Marine,1
Chromista,Thalassionematales,Thalassionemataceae,Bacillariophyceae,Thalassionema,epa,Marine,25.2
Chromista,Thalassionematales,Thalassionemataceae,Bacillariophyceae,Thalassiothrix,ala,Marine,1.4
Chromista,Thalassionematales,Thalassionemataceae,Bacillariophyceae,Thalassiothrix,dha,Marine,1.6
Chromista,Thalassionematales,Thalassionemataceae,Bacillariophyceae,Thalassiothrix,epa,Marine,12.9
Chromista,Gonyaulacales,Goniodomataceae,Dinophyceae,Alexandrium,ala,Marine,1.076035982
Chromista,Gonyaulacales,Goniodomataceae,Dinophyceae,Alexandrium,dha,Marine,16.69289309
Chromista,Gonyaulacales,Goniodomataceae,Dinophyceae,Alexandrium,epa,Marine,3.549248908
Chromista,Gonyaulacales,Calciodinellaceae,Dinophyceae,Scrippsiella,ala,Marine,3.22080548
Chromista,Gonyaulacales,Calciodinellaceae,Dinophyceae,Scrippsiella,dha,Marine,24.8703606
Chromista,Gonyaulacales,Calciodinellaceae,Dinophyceae,Scrippsiella,epa,Marine,1.259857172
Chromista,Gonyaulacales,Pyrophacaceae,Dinophyceae,Fragilidium,ala,Marine,0.3
Chromista,Gonyaulacales,Pyrophacaceae,Dinophyceae,Fragilidium,dha,Marine,26.3
Chromista,Gonyaulacales,Pyrophacaceae,Dinophyceae,Fragilidium,epa,Marine,20.9
Chromista,Desmarestiales,Desmarestiaceae,Phaeophyceae,Desmarestia,ala,Marine,7.6
Chromista,Desmarestiales,Desmarestiaceae,Phaeophyceae,Desmarestia,dha,Marine,0
Chromista,Desmarestiales,Desmarestiaceae,Phaeophyceae,Desmarestia,epa,Marine,15.15
Chromista,Prorocentrales,Prorocentraceae,Dinophyceae,Prorocentrum,ala,Marine,1.232405187
Chromista,Prorocentrales,Prorocentraceae,Dinophyceae,Prorocentrum,dha,Marine,13.494564
Chromista,Prorocentrales,Prorocentraceae,Dinophyceae,Prorocentrum,epa,Marine,2.24696779
Chromista,Ectocarpales,Chordariaceae,Phaeophyceae,Analipus,ala,Marine,6.3
Chromista,Ectocarpales,Chordariaceae,Phaeophyceae,Analipus,dha,Marine,0
Chromista,Ectocarpales,Chordariaceae,Phaeophyceae,Analipus,epa,Marine,8
Chromista,Ectocarpales,Corynophlaeaceae,Phaeophyceae,Leathesia,ala,Marine,3.4
Chromista,Ectocarpales,Corynophlaeaceae,Phaeophyceae,Leathesia,dha,Marine,0
Chromista,Ectocarpales,Corynophlaeaceae,Phaeophyceae,Leathesia,epa,Marine,9.95
Chromista,Dictyosiphonales,Dictyosiphonaceae,Phaeophyceae,Dictyosiphon,ala,Marine,8.8
Chromista,Dictyosiphonales,Dictyosiphonaceae,Phaeophyceae,Dictyosiphon,dha,Marine,0
Chromista,Dictyosiphonales,Dictyosiphonaceae,Phaeophyceae,Dictyosiphon,epa,Marine,18.5
Chromista,Dictyosiphonales,Punctariaceae,Phaeophyceae,Myelophycus,ala,Marine,7
Chromista,Dictyosiphonales,Punctariaceae,Phaeophyceae,Myelophycus,dha,Marine,0
Chromista,Dictyosiphonales,Punctariaceae,Phaeophyceae,Myelophycus,epa,Marine,23.8
Chromista,Dictyosiphonales,Punctariaceae,Phaeophyceae,Punctaria,ala,Marine,5.2
Chromista,Dictyosiphonales,Punctariaceae,Phaeophyceae,Punctaria,dha,Marine,0
Chromista,Dictyosiphonales,Punctariaceae,Phaeophyceae,Punctaria,epa,Marine,6.7
Chromista,Scytosiphonales,Scytosiphonaceae,Phaeophyceae,Colpomenia,ala,Marine,3.6
Chromista,Scytosiphonales,Scytosiphonaceae,Phaeophyceae,Colpomenia,dha,Marine,0
Chromista,Scytosiphonales,Scytosiphonaceae,Phaeophyceae,Colpomenia,epa,Marine,12.6
Chromista,Scytosiphonales,Scytosiphonaceae,Phaeophyceae,Petalonia,ala,Marine,5.3
Chromista,Scytosiphonales,Scytosiphonaceae,Phaeophyceae,Petalonia,dha,Marine,0
Chromista,Scytosiphonales,Scytosiphonaceae,Phaeophyceae,Petalonia,epa,Marine,15.4
Chromista,Scytosiphonales,Scytosiphonaceae,Phaeophyceae,Scytosiphon,ala,Marine,6.2
Chromista,Scytosiphonales,Scytosiphonaceae,Phaeophyceae,Scytosiphon,dha,Marine,0
Chromista,Scytosiphonales,Scytosiphonaceae,Phaeophyceae,Scytosiphon,epa,Marine,24.2
Chromista,Dictyotales,Dictyotaceae,Phaeophyceae,Dictyopteris,ala,Marine,9.5
Chromista,Dictyotales,Dictyotaceae,Phaeophyceae,Dictyopteris,dha,Marine,0
Chromista,Dictyotales,Dictyotaceae,Phaeophyceae,Dictyopteris,epa,Marine,9.8
Chromista,Dictyotales,Dictyotaceae,Phaeophyceae,Dictyota,ala,Marine,0
Chromista,Dictyotales,Dictyotaceae,Phaeophyceae,Dictyota,dha,Marine,0
Chromista,Dictyotales,Dictyotaceae,Phaeophyceae,Dictyota,epa,Marine,3.285
Chromista,Dictyotales,Dictyotaceae,Phaeophyceae,Taonia,ala,Marine,0
Chromista,Dictyotales,Dictyotaceae,Phaeophyceae,Taonia,dha,Marine,0.84
Chromista,Dictyotales,Dictyotaceae,Phaeophyceae,Taonia,epa,Marine,13.55
Chromista,Suessiales,Symbiodiniaceae,Dinophyceae,Symbiodinium,ala,Marine,0.9
Chromista,Suessiales,Symbiodiniaceae,Dinophyceae,Symbiodinium,dha,Marine,9.9
Chromista,Suessiales,Symbiodiniaceae,Dinophyceae,Symbiodinium,epa,Marine,13.5
Chromista,Sphacelariales,Cladostephaceae,Phaeophyceae,Cladostephus,ala,Marine,0
Chromista,Sphacelariales,Cladostephaceae,Phaeophyceae,Cladostephus,dha,Marine,0
Chromista,Sphacelariales,Cladostephaceae,Phaeophyceae,Cladostephus,epa,Marine,11.46
Bacteria,Nostocales,Oscillatoriaceae,Cyanophyceae,Lyngbya,ala,Freshwater,13.47
Bacteria,Nostocales,Oscillatoriaceae,Cyanophyceae,Lyngbya,dha,Freshwater,0
Bacteria,Nostocales,Oscillatoriaceae,Cyanophyceae,Lyngbya,epa,Freshwater,0
Bacteria,Nostocales,Oscillatoriaceae,Cyanophyceae,Oscillatoria,ala,Freshwater,11.76526003
Bacteria,Nostocales,Oscillatoriaceae,Cyanophyceae,Oscillatoria,dha,Freshwater,0
Bacteria,Nostocales,Oscillatoriaceae,Cyanophyceae,Oscillatoria,epa,Freshwater,0
Bacteria,Nostocales,Oscillatoriaceae,Cyanophyceae,Planktothrix,ala,Freshwater,31.5
Bacteria,Nostocales,Oscillatoriaceae,Cyanophyceae,Planktothrix,dha,Freshwater,0
Bacteria,Nostocales,Oscillatoriaceae,Cyanophyceae,Planktothrix,epa,Freshwater,0
Bacteria,Nostocales,Oscillatoriaceae,Cyanophyceae,Spirulina,ala,Freshwater,0
Bacteria,Nostocales,Oscillatoriaceae,Cyanophyceae,Spirulina,ala,Marine,13.25357143
Bacteria,Nostocales,Oscillatoriaceae,Cyanophyceae,Spirulina,dha,Freshwater,0
Bacteria,Nostocales,Oscillatoriaceae,Cyanophyceae,Spirulina,dha,Marine,0
Bacteria,Nostocales,Oscillatoriaceae,Cyanophyceae,Spirulina,epa,Freshwater,0
Bacteria,Nostocales,Oscillatoriaceae,Cyanophyceae,Spirulina,epa,Marine,0
Bacteria,Nostocales,Nostocaceae,Cyanophyceae,Anabaena,ala,Freshwater,22.65573998
Bacteria,Nostocales,Nostocaceae,Cyanophyceae,Anabaena,dha,Freshwater,0
Bacteria,Nostocales,Nostocaceae,Cyanophyceae,Anabaena,epa,Freshwater,0.017150927
Bacteria,Nostocales,Nostocaceae,Cyanophyceae,Anabaenopsis,ala,Freshwater,9.3576
Bacteria,Nostocales,Nostocaceae,Cyanophyceae,Anabaenopsis,dha,Freshwater,0
Bacteria,Nostocales,Nostocaceae,Cyanophyceae,Anabaenopsis,epa,Freshwater,0
Bacteria,Nostocales,Nostocaceae,Cyanophyceae,Aphanizomenon,ala,Freshwater,30.8
Bacteria,Nostocales,Nostocaceae,Cyanophyceae,Aphanizomenon,dha,Freshwater,0
Bacteria,Nostocales,Nostocaceae,Cyanophyceae,Aphanizomenon,epa,Freshwater,0
Bacteria,Nostocales,Nostocaceae,Cyanophyceae,Cylindrospermum,ala,Freshwater,13.4
Bacteria,Nostocales,Nostocaceae,Cyanophyceae,Cylindrospermum,dha,Freshwater,0
Bacteria,Nostocales,Nostocaceae,Cyanophyceae,Cylindrospermum,epa,Freshwater,0
Bacteria,Nostocales,Nostocaceae,Cyanophyceae,Nostoc,ala,Freshwater,9.990642515
Bacteria,Nostocales,Nostocaceae,Cyanophyceae,Nostoc,dha,Freshwater,0
Bacteria,Nostocales,Nostocaceae,Cyanophyceae,Nostoc,epa,Freshwater,0.065678261
Bacteria,Nostocales,Rivulariaceae,Cyanophyceae,Calothrix,ala,Freshwater,4.9
Bacteria,Nostocales,Rivulariaceae,Cyanophyceae,Calothrix,dha,Freshwater,0
Bacteria,Nostocales,Rivulariaceae,Cyanophyceae,Calothrix,epa,Freshwater,0
Bacteria,Nostocales,Microchaetaceae,Cyanophyceae,Nodularia,ala,Freshwater,7.737
Bacteria,Nostocales,Microchaetaceae,Cyanophyceae,Nodularia,dha,Freshwater,0
Bacteria,Nostocales,Microchaetaceae,Cyanophyceae,Nodularia,epa,Freshwater,0
Bacteria,Chroococcales,Chroococcaceae,Cyanophyceae,Aphanothece,ala,Freshwater,0
Bacteria,Chroococcales,Chroococcaceae,Cyanophyceae,Aphanothece,dha,Freshwater,0.558708298
Bacteria,Chroococcales,Chroococcaceae,Cyanophyceae,Aphanothece,epa,Freshwater,0
Bacteria,Chroococcales,Chroococcaceae,Cyanophyceae,Chroococcus,ala,Freshwater,23.64
Bacteria,Chroococcales,Chroococcaceae,Cyanophyceae,Chroococcus,dha,Freshwater,0
Bacteria,Chroococcales,Chroococcaceae,Cyanophyceae,Chroococcus,epa,Freshwater,0
Bacteria,Chroococcales,Chroococcaceae,Cyanophyceae,Merismopedia,ala,Freshwater,7.28
Bacteria,Chroococcales,Chroococcaceae,Cyanophyceae,Merismopedia,dha,Freshwater,0
Bacteria,Chroococcales,Chroococcaceae,Cyanophyceae,Merismopedia,epa,Freshwater,0
Bacteria,Chroococcales,Chroococcaceae,Cyanophyceae,Microcystis,ala,Freshwater,5.994174836
Bacteria,Chroococcales,Chroococcaceae,Cyanophyceae,Microcystis,dha,Freshwater,0
Bacteria,Chroococcales,Chroococcaceae,Cyanophyceae,Microcystis,epa,Freshwater,0.070081288
Bacteria,Chroococcales,Chroococcaceae,Cyanophyceae,Synechococcus,ala,Freshwater,0
Bacteria,Chroococcales,Chroococcaceae,Cyanophyceae,Synechococcus,dha,Freshwater,0
Bacteria,Chroococcales,Chroococcaceae,Cyanophyceae,Synechococcus,epa,Freshwater,0
Bacteria,Chroococcales,Chroococcaceae,Cyanophyceae,Synechocystis,ala,Freshwater,8.49
Bacteria,Chroococcales,Chroococcaceae,Cyanophyceae,Synechocystis,dha,Freshwater,0
Bacteria,Chroococcales,Chroococcaceae,Cyanophyceae,Synechocystis,epa,Freshwater,0
Bacteria,Rhizobiales,Methylocystaceae,Alphaproteobacteria,Methylosinus,ala,Freshwater,0
Bacteria,Rhizobiales,Methylocystaceae,Alphaproteobacteria,Methylosinus,dha,Freshwater,0
Bacteria,Rhizobiales,Methylocystaceae,Alphaproteobacteria,Methylosinus,epa,Freshwater,0
Bacteria,Burkholderiales,Burkholderiaceae,Betaproteobacteria,Polynucleobacter,ala,Freshwater,0
Bacteria,Burkholderiales,Burkholderiaceae,Betaproteobacteria,Polynucleobacter,dha,Freshwater,0
Bacteria,Burkholderiales,Burkholderiaceae,Betaproteobacteria,Polynucleobacter,epa,Freshwater,0
Bacteria,Chlorobiales,Chlorobiaceae,Chlorobea,Chlorobium,ala,Freshwater,0
Bacteria,Chlorobiales,Chlorobiaceae,Chlorobea,Chlorobium,dha,Freshwater,0
Bacteria,Chlorobiales,Chlorobiaceae,Chlorobea,Chlorobium,epa,Freshwater,0
Bacteria,Methylococcales,Methylococcaceae,Gammaproteobacteria,Methylobacter,ala,Freshwater,0
Bacteria,Methylococcales,Methylococcaceae,Gammaproteobacteria,Methylobacter,dha,Freshwater,0
Bacteria,Methylococcales,Methylococcaceae,Gammaproteobacteria,Methylobacter,epa,Freshwater,0
Bacteria,Methylococcales,Methylococcaceae,Gammaproteobacteria,Methylomonas,ala,Freshwater,0
Bacteria,Methylococcales,Methylococcaceae,Gammaproteobacteria,Methylomonas,dha,Freshwater,0
Bacteria,Methylococcales,Methylococcaceae,Gammaproteobacteria,Methylomonas,epa,Freshwater,0
Protozoa,Euglenales,Euglenaceae,Euglenophyceae,Euglena,ala,Freshwater,9.4
Protozoa,Euglenales,Euglenaceae,Euglenophyceae,Euglena,dha,Freshwater,7
Protozoa,Euglenales,Euglenaceae,Euglenophyceae,Euglena,epa,Freshwater,12
Protozoa,Foraminiferida,Astrorhizidae,Granuloreticulosea,Saccorhiza,ala,Marine,3.36
Protozoa,Foraminiferida,Astrorhizidae,Granuloreticulosea,Saccorhiza,dha,Marine,0
Protozoa,Foraminiferida,Astrorhizidae,Granuloreticulosea,Saccorhiza,epa,Marine,3.01
Fungi,Teloschistales,Physciaceae,Lecanoromycetes,Anaptychia,ala,Terrestrial,14.08
Fungi,Teloschistales,Physciaceae,Lecanoromycetes,Anaptychia,dha,Terrestrial,0.84
Fungi,Teloschistales,Physciaceae,Lecanoromycetes,Anaptychia,epa,Terrestrial,4.98
Fungi,Ostropales,Thelotremataceae,Lecanoromycetes,Diploschistes,ala,Terrestrial,6.93
Fungi,Ostropales,Thelotremataceae,Lecanoromycetes,Diploschistes,dha,Terrestrial,8.13
Fungi,Ostropales,Thelotremataceae,Lecanoromycetes,Diploschistes,epa,Terrestrial,3.6
Fungi,Peltigerales,Peltigeraceae,Lecanoromycetes,Peltigera,ala,Terrestrial,5.775
Fungi,Peltigerales,Peltigeraceae,Lecanoromycetes,Peltigera,dha,Terrestrial,2.94
Fungi,Peltigerales,Peltigeraceae,Lecanoromycetes,Peltigera,epa,Terrestrial,2.805
Fungi,Umbilicariales,Umbilicariaceae,Lecanoromycetes,Umbilicaria,ala,Terrestrial,4.19
Fungi,Umbilicariales,Umbilicariaceae,Lecanoromycetes,Umbilicaria,dha,Terrestrial,5.75
Fungi,Umbilicariales,Umbilicariaceae,Lecanoromycetes,Umbilicaria,epa,Terrestrial,5.95
NA,NA,NA,NA,,ala,Terrestrial,0.6
NA,NA,NA,NA,Acinos,ala,Terrestrial,1.2
NA,NA,NA,NA,Acorn,ala,Terrestrial,5.79
NA,NA,NA,NA,Acorn,dha,Terrestrial,0
NA,NA,NA,NA,Acorn,epa,Terrestrial,0
NA,NA,NA,NA,Aizoon,ala,Terrestrial,10.5
NA,NA,NA,NA,Allium,ala,Terrestrial,5.33
NA,NA,NA,NA,Allium,dha,Terrestrial,0
NA,NA,NA,NA,Allium,epa,Terrestrial,0
NA,NA,NA,NA,Amelanchier,ala,Terrestrial,2.64
NA,NA,NA,NA,Amelanchier,dha,Terrestrial,0
NA,NA,NA,NA,Amelanchier,epa,Terrestrial,0
NA,NA,NA,NA,Aralia,ala,Terrestrial,27.625
NA,NA,NA,NA,Aralia,dha,Terrestrial,0
NA,NA,NA,NA,Aralia,epa,Terrestrial,0
NA,NA,NA,NA,Arctostaphylos,ala,Terrestrial,40.6
NA,NA,NA,NA,Arctostaphylos,dha,Terrestrial,0
NA,NA,NA,NA,Arctostaphylos,epa,Terrestrial,0
NA,NA,NA,NA,Argania,ala,Terrestrial,1.4
NA,NA,NA,NA,Arthrothamnus,ala,Marine,6.9
NA,NA,NA,NA,Arthrothamnus,dha,Marine,0
NA,NA,NA,NA,Arthrothamnus,epa,Marine,15.6
NA,NA,NA,NA,Arundo,ala,Terrestrial,6.82
NA,NA,NA,NA,Arundo,dha,Terrestrial,0
NA,NA,NA,NA,Arundo,epa,Terrestrial,0
NA,NA,NA,NA,Athrotaxis,ala,Terrestrial,35
NA,NA,NA,NA,Athrotaxis,dha,Terrestrial,0
NA,NA,NA,NA,Athrotaxis,epa,Terrestrial,0
NA,NA,NA,NA,Calla,ala,Terrestrial,12.85
NA,NA,NA,NA,Calla,dha,Terrestrial,0
NA,NA,NA,NA,Calla,epa,Terrestrial,0
NA,NA,NA,NA,Calocedrus,ala,Terrestrial,26.05
NA,NA,NA,NA,Calocedrus,dha,Terrestrial,0
NA,NA,NA,NA,Calocedrus,epa,Terrestrial,0
NA,NA,NA,NA,Candidatus,ala,Freshwater,0
NA,NA,NA,NA,Candidatus,dha,Freshwater,0
NA,NA,NA,NA,Candidatus,epa,Freshwater,0
NA,NA,NA,NA,Cardaminopsis,ala,Terrestrial,21.6
NA,NA,NA,NA,Cardaria,ala,Terrestrial,31.7
NA,NA,NA,NA,Cardaria,dha,Terrestrial,0
NA,NA,NA,NA,Cardaria,epa,Terrestrial,0
NA,NA,NA,NA,Chaetomorpha,ala,Marine,15.1
NA,NA,NA,NA,Chaetomorpha,dha,Marine,0
NA,NA,NA,NA,Chaetomorpha,epa,Marine,29
NA,NA,NA,NA,Chattonella,ala,Marine,4.3
NA,NA,NA,NA,Chattonella,dha,Marine,2.1
NA,NA,NA,NA,Chattonella,epa,Marine,14.1
NA,NA,NA,NA,Chenolea,ala,Marine,40.8
NA,NA,NA,NA,Chenolea,dha,Marine,0
NA,NA,NA,NA,Chenolea,epa,Marine,0
NA,NA,NA,NA,Chenopodium,ala,Terrestrial,25.51
NA,NA,NA,NA,Chenopodium,dha,Terrestrial,0
NA,NA,NA,NA,Chenopodium,epa,Terrestrial,0
NA,NA,NA,NA,Chlorophyta,ala,Marine,9.5
NA,NA,NA,NA,Chlorophyta,dha,Marine,0
NA,NA,NA,NA,Chlorophyta,epa,Marine,1.3
NA,NA,NA,NA,Chondria,ala,Marine,2.7
NA,NA,NA,NA,Chondria,dha,Marine,0
NA,NA,NA,NA,Chondria,epa,Marine,21.4
NA,NA,NA,NA,Cladophora,ala,Marine,1.9
NA,NA,NA,NA,Cladophora,dha,Marine,0
NA,NA,NA,NA,Cladophora,epa,Marine,5.1
NA,NA,NA,NA,Coccophora,ala,Marine,15.3
NA,NA,NA,NA,Coccophora,dha,Marine,0
NA,NA,NA,NA,Coccophora,epa,Marine,4.7
NA,NA,NA,NA,colonized,ala,Terrestrial,10.48251574
NA,NA,NA,NA,colonized,epa,Terrestrial,3.167748793
NA,NA,NA,NA,Cornus,ala,Terrestrial,14.76
NA,NA,NA,NA,Cornus,dha,Terrestrial,0
NA,NA,NA,NA,Cornus,epa,Terrestrial,0
NA,NA,NA,NA,Coronopus,ala,Terrestrial,14.1
NA,NA,NA,NA,Corylus,ala,Terrestrial,0.53
NA,NA,NA,NA,Corylus,dha,Terrestrial,0
NA,NA,NA,NA,Corylus,epa,Terrestrial,0
NA,NA,NA,NA,Crataegus,ala,Terrestrial,2.13
NA,NA,NA,NA,Crataegus,dha,Terrestrial,0
NA,NA,NA,NA,Crataegus,epa,Terrestrial,0
NA,NA,NA,NA,Crithmum,ala,Terrestrial,18.03
NA,NA,NA,NA,Cryptomonas,ala,Freshwater,23.6
NA,NA,NA,NA,Cryptomonas,dha,Freshwater,3
NA,NA,NA,NA,Cryptomonas,epa,Freshwater,11
NA,NA,NA,NA,Cucurbita,ala,Terrestrial,0.18
NA,NA,NA,NA,Cucurbita,dha,Terrestrial,0
NA,NA,NA,NA,Cucurbita,epa,Terrestrial,0
NA,NA,NA,NA,Decussocarpus,ala,Terrestrial,31.3
NA,NA,NA,NA,Decussocarpus,dha,Terrestrial,0
NA,NA,NA,NA,Decussocarpus,epa,Terrestrial,0
NA,NA,NA,NA,Devaleraea,ala,Marine,4.1
NA,NA,NA,NA,Devaleraea,dha,Marine,1.6
NA,NA,NA,NA,Devaleraea,epa,Marine,24.2
NA,NA,NA,NA,Digitaria,ala,Terrestrial,1.766666667
NA,NA,NA,NA,Diselma,ala,Terrestrial,26
NA,NA,NA,NA,Diselma,dha,Terrestrial,0
NA,NA,NA,NA,Diselma,epa,Terrestrial,0
NA,NA,NA,NA,Dock,ala,Terrestrial,23.955
NA,NA,NA,NA,Dock,dha,Terrestrial,0
NA,NA,NA,NA,Dock,epa,Terrestrial,0
NA,NA,NA,NA,Durvillaea,ala,Marine,3.776666667
NA,NA,NA,NA,Durvillaea,dha,Marine,0.553333333
NA,NA,NA,NA,Durvillaea,epa,Marine,4.646666667
NA,NA,NA,NA,Ecklonia,ala,Marine,2.1
NA,NA,NA,NA,Ecklonia,dha,Marine,0
NA,NA,NA,NA,Ecklonia,epa,Marine,5.3
NA,NA,NA,NA,Elaeagnus,ala,Terrestrial,18.38
NA,NA,NA,NA,Elaeagnus,dha,Terrestrial,0
NA,NA,NA,NA,Elaeagnus,epa,Terrestrial,0
NA,NA,NA,NA,Elytrigia,ala,Terrestrial,7.1
NA,NA,NA,NA,Emiliania,ala,Marine,0.476299004
NA,NA,NA,NA,Emiliania,dha,Marine,17.77491875
NA,NA,NA,NA,Emiliania,epa,Marine,0.197144168
NA,NA,NA,NA,Erigeron,ala,Terrestrial,9.29
NA,NA,NA,NA,Erigeron,dha,Terrestrial,0
NA,NA,NA,NA,Erigeron,epa,Terrestrial,0
NA,NA,NA,NA,Fireweed,ala,Terrestrial,27.4
NA,NA,NA,NA,Fireweed,dha,Terrestrial,0
NA,NA,NA,NA,Fireweed,epa,Terrestrial,0
NA,NA,NA,NA,Fokienia,ala,Terrestrial,25.2
NA,NA,NA,NA,Fokienia,dha,Terrestrial,0
NA,NA,NA,NA,Fokienia,epa,Terrestrial,0
NA,NA,NA,NA,Galeopsis,ala,Terrestrial,9.1
NA,NA,NA,NA,Georgiella,ala,Marine,1.2
NA,NA,NA,NA,Georgiella,dha,Marine,1.3
NA,NA,NA,NA,Georgiella,epa,Marine,40.9
NA,NA,NA,NA,Ginko,ala,Terrestrial,40.4
NA,NA,NA,NA,Ginko,dha,Terrestrial,0
NA,NA,NA,NA,Ginko,epa,Terrestrial,0
NA,NA,NA,NA,Glossomastix,ala,Marine,0
NA,NA,NA,NA,Glossomastix,dha,Marine,8.9
NA,NA,NA,NA,Glossomastix,epa,Marine,39.2
NA,NA,NA,NA,Gonyostomum,ala,Freshwater,10
NA,NA,NA,NA,Gonyostomum,dha,Freshwater,1
NA,NA,NA,NA,Gonyostomum,epa,Freshwater,18
NA,NA,NA,NA,Halopteris,ala,Marine,0
NA,NA,NA,NA,Halopteris,dha,Marine,0.99
NA,NA,NA,NA,Halopteris,epa,Marine,14.39
NA,NA,NA,NA,Helianthus,ala,Terrestrial,4.195
NA,NA,NA,NA,Helianthus,dha,Terrestrial,0
NA,NA,NA,NA,Helianthus,epa,Terrestrial,0
NA,NA,NA,NA,Heracleum,ala,Terrestrial,12.645
NA,NA,NA,NA,Heracleum,dha,Terrestrial,0
NA,NA,NA,NA,Heracleum,epa,Terrestrial,0
NA,NA,NA,NA,Heterostigma,ala,Marine,3.25
NA,NA,NA,NA,Heterostigma,dha,Marine,2.55
NA,NA,NA,NA,Heterostigma,epa,Marine,14
NA,NA,NA,NA,Hizikia,ala,Marine,0.41
NA,NA,NA,NA,Hizikia,dha,Marine,0
NA,NA,NA,NA,Hizikia,epa,Marine,42.4
NA,NA,NA,NA,Hormosina,ala,Marine,3
NA,NA,NA,NA,Hormosina,dha,Marine,0
NA,NA,NA,NA,Hormosina,epa,Marine,2.6
NA,NA,NA,NA,Hymenocladiopsis,ala,Marine,0.8
NA,NA,NA,NA,Hymenocladiopsis,dha,Marine,0.5
NA,NA,NA,NA,Hymenocladiopsis,epa,Marine,37.3
NA,NA,NA,NA,Irvingia,ala,Terrestrial,NA
NA,NA,NA,NA,Iva,ala,Terrestrial,5.13
NA,NA,NA,NA,Iva,dha,Terrestrial,0
NA,NA,NA,NA,Iva,epa,Terrestrial,0
NA,NA,NA,NA,Juniperus,ala,Terrestrial,20.66
NA,NA,NA,NA,Juniperus,dha,Terrestrial,0
NA,NA,NA,NA,Juniperus,epa,Terrestrial,0
NA,NA,NA,NA,Kandis,ala,Terrestrial,4.6
NA,NA,NA,NA,Karenia,ala,Marine,2.84
NA,NA,NA,NA,Karenia,dha,Marine,11.12
NA,NA,NA,NA,Karenia,epa,Marine,0.84
NA,NA,NA,NA,Karlodinium,ala,Marine,1
NA,NA,NA,NA,Karlodinium,dha,Marine,13.075
NA,NA,NA,NA,Karlodinium,epa,Marine,0.875
NA,NA,NA,NA,Lambia,ala,Marine,23.7
NA,NA,NA,NA,Lambia,dha,Marine,0.9
NA,NA,NA,NA,Lambia,epa,Marine,5
NA,NA,NA,NA,Lathyrus,ala,Terrestrial,9.54
NA,NA,NA,NA,Lathyrus,dha,Terrestrial,0
NA,NA,NA,NA,Lathyrus,epa,Terrestrial,0
NA,NA,NA,NA,Leccinum,ala,Terrestrial,0.14
NA,NA,NA,NA,Lilium,ala,Terrestrial,3.08
NA,NA,NA,NA,Lilium,dha,Terrestrial,0
NA,NA,NA,NA,Lilium,epa,Terrestrial,0
NA,NA,NA,NA,Limnothrix,ala,Freshwater,34.2
NA,NA,NA,NA,Limnothrix,dha,Freshwater,0
NA,NA,NA,NA,Limnothrix,epa,Freshwater,0
NA,NA,NA,NA,Lycopus,ala,Terrestrial,20.98
NA,NA,NA,NA,Lycopus,dha,Terrestrial,0
NA,NA,NA,NA,Lycopus,epa,Terrestrial,0
NA,NA,NA,NA,Macadamia,ala,Terrestrial,0.2
NA,NA,NA,NA,Maianthemum,ala,Terrestrial,19.25
NA,NA,NA,NA,Maianthemum,dha,Terrestrial,0
NA,NA,NA,NA,Maianthemum,epa,Terrestrial,0
NA,NA,NA,NA,Mangifera,ala,Terrestrial,0.5
NA,NA,NA,NA,Matteuccia,ala,Terrestrial,6.5
NA,NA,NA,NA,Matteuccia,dha,Terrestrial,0
NA,NA,NA,NA,Matteuccia,epa,Terrestrial,0
NA,NA,NA,NA,Microbial,ala,Freshwater,0.013939316
NA,NA,NA,NA,Microbial,dha,Freshwater,NA
NA,NA,NA,NA,Microbial,epa,Freshwater,0.013939316
NA,NA,NA,NA,Microbiota,ala,Terrestrial,12.7
NA,NA,NA,NA,Microbiota,dha,Terrestrial,0
NA,NA,NA,NA,Microbiota,epa,Terrestrial,0
NA,NA,NA,NA,Milletia,ala,Terrestrial,31.9
NA,NA,NA,NA,Nannochloropsis,ala,Freshwater,0.436583535
NA,NA,NA,NA,Nannochloropsis,ala,Marine,0
NA,NA,NA,NA,Nannochloropsis,dha,Freshwater,0
NA,NA,NA,NA,Nannochloropsis,dha,Marine,0
NA,NA,NA,NA,Nannochloropsis,epa,Freshwater,29.54425051
NA,NA,NA,NA,Nannochloropsis,epa,Marine,19.822
NA,NA,NA,NA,Neuroglossum,ala,Marine,0
NA,NA,NA,NA,Neuroglossum,dha,Marine,1.5
NA,NA,NA,NA,Neuroglossum,epa,Marine,35.3
NA,NA,NA,NA,Nitzschia,ala,Marine,0.20869775
NA,NA,NA,NA,Nitzschia,dha,Marine,0.4666045
NA,NA,NA,NA,Nitzschia,epa,Marine,4.741612
NA,NA,NA,NA,Odontella,ala,Marine,0.797818182
NA,NA,NA,NA,Odontella,dha,Marine,2.925571429
NA,NA,NA,NA,Odontella,epa,Marine,25.49485714
NA,NA,NA,NA,Olea,ala,Terrestrial,0.6
NA,NA,NA,NA,Phacelocarpus,ala,Marine,0
NA,NA,NA,NA,Phacelocarpus,dha,Marine,0
NA,NA,NA,NA,Phacelocarpus,epa,Marine,10.4
NA,NA,NA,NA,Phacomonas,ala,Marine,0
NA,NA,NA,NA,Phacomonas,dha,Marine,11
NA,NA,NA,NA,Phacomonas,epa,Marine,56
NA,NA,NA,NA,Phaenomonas,ala,Marine,0
NA,NA,NA,NA,Phaenomonas,dha,Marine,11
NA,NA,NA,NA,Phaenomonas,epa,Marine,56
NA,NA,NA,NA,Phaeophyta,ala,Marine,0.5
NA,NA,NA,NA,Phaeophyta,dha,Marine,0
NA,NA,NA,NA,Phaeophyta,epa,Marine,5.4
NA,NA,NA,NA,Pherosphaera,ala,Terrestrial,21.9
NA,NA,NA,NA,Pherosphaera,dha,Terrestrial,0
NA,NA,NA,NA,Pherosphaera,epa,Terrestrial,0
NA,NA,NA,NA,Phyllophora,ala,Marine,0.9
NA,NA,NA,NA,Phyllophora,dha,Marine,0
NA,NA,NA,NA,Phyllophora,epa,Marine,5.1
NA,NA,NA,NA,Phyllospora,ala,Marine,7.7
NA,NA,NA,NA,Phyllospora,dha,Marine,0
NA,NA,NA,NA,Phyllospora,epa,Marine,5.5
NA,NA,NA,NA,Pinguiochrysis,ala,Marine,0.04
NA,NA,NA,NA,Pinguiochrysis,dha,Marine,6.8
NA,NA,NA,NA,Pinguiochrysis,epa,Marine,54.5
NA,NA,NA,NA,Pinguiococcus,ala,Marine,0
NA,NA,NA,NA,Pinguiococcus,dha,Marine,0.9
NA,NA,NA,NA,Pinguiococcus,epa,Marine,34
NA,NA,NA,NA,Polypodochrysis,ala,Marine,0
NA,NA,NA,NA,Polypodochrysis,dha,Marine,7.3
NA,NA,NA,NA,Polypodochrysis,epa,Marine,23.5
NA,NA,NA,NA,Protomonas,ala,Marine,13.26665
NA,NA,NA,NA,Protomonas,dha,Marine,4.8306
NA,NA,NA,NA,Protomonas,epa,Marine,6.451125
NA,NA,NA,NA,Prumnopitys,ala,Terrestrial,35.3
NA,NA,NA,NA,Prumnopitys,dha,Terrestrial,0
NA,NA,NA,NA,Prumnopitys,epa,Terrestrial,0
NA,NA,NA,NA,Prunus,ala,Terrestrial,0.85
NA,NA,NA,NA,Prunus,dha,Terrestrial,0
NA,NA,NA,NA,Prunus,epa,Terrestrial,0
NA,NA,NA,NA,Prymnesiophyta,ala,Marine,2.5
NA,NA,NA,NA,Prymnesiophyta,dha,Marine,2.525
NA,NA,NA,NA,Prymnesiophyta,epa,Marine,16.35
NA,NA,NA,NA,Pseudanabaena,ala,Freshwater,18.6
NA,NA,NA,NA,Pseudanabaena,dha,Freshwater,0
NA,NA,NA,NA,Pseudanabaena,epa,Freshwater,0
NA,NA,NA,NA,Psoralea,ala,Terrestrial,8.81
NA,NA,NA,NA,Psoralea,dha,Terrestrial,0
NA,NA,NA,NA,Psoralea,epa,Terrestrial,0
NA,NA,NA,NA,Pteridophora,ala,Marine,9.62
NA,NA,NA,NA,Pteridophora,dha,Marine,0.1
NA,NA,NA,NA,Pteridophora,epa,Marine,14.67
NA,NA,NA,NA,Pterocladiella,ala,Marine,0.93
NA,NA,NA,NA,Pterocladiella,dha,Marine,0
NA,NA,NA,NA,Pterocladiella,epa,Marine,15.26
NA,NA,NA,NA,Pterygophora,ala,Marine,9.62
NA,NA,NA,NA,Pterygophora,dha,Marine,0.1
NA,NA,NA,NA,Pterygophora,epa,Marine,14.67
NA,NA,NA,NA,Pycnococcus,ala,Marine,3.6478
NA,NA,NA,NA,Pycnococcus,dha,Marine,5.1911
NA,NA,NA,NA,Pycnococcus,epa,Marine,0.1403
NA,NA,NA,NA,Reynoutria,ala,Terrestrial,5.88
NA,NA,NA,NA,Reynoutria,dha,Terrestrial,0
NA,NA,NA,NA,Reynoutria,epa,Terrestrial,0
NA,NA,NA,NA,Rhizoclonium,ala,Marine,8.3
NA,NA,NA,NA,Rhizoclonium,dha,Marine,1
NA,NA,NA,NA,Rhizoclonium,epa,Marine,3.2
NA,NA,NA,NA,Rhodophyta,ala,Marine,2.7
NA,NA,NA,NA,Rhodophyta,dha,Marine,0
NA,NA,NA,NA,Rhodophyta,epa,Marine,3.85
NA,NA,NA,NA,Ribes,ala,Terrestrial,22.41
NA,NA,NA,NA,Ribes,dha,Terrestrial,0
NA,NA,NA,NA,Ribes,epa,Terrestrial,0
NA,NA,NA,NA,Rosa,ala,Terrestrial,39.33
NA,NA,NA,NA,Rosa,dha,Terrestrial,0
NA,NA,NA,NA,Rosa,epa,Terrestrial,0
NA,NA,NA,NA,Sciadopitys,ala,Terrestrial,23.6
NA,NA,NA,NA,Sciadopitys,dha,Terrestrial,0
NA,NA,NA,NA,Sciadopitys,epa,Terrestrial,0
NA,NA,NA,NA,Sesamum,ala,Terrestrial,0.583571429
NA,NA,NA,NA,Sium,ala,Terrestrial,5.72
NA,NA,NA,NA,Sium,dha,Terrestrial,0
NA,NA,NA,NA,Sium,epa,Terrestrial,0
NA,NA,NA,NA,Solidago,ala,Terrestrial,36.3
NA,NA,NA,NA,Solidago,dha,Terrestrial,0
NA,NA,NA,NA,Solidago,epa,Terrestrial,0
NA,NA,NA,NA,Sparganium,ala,Terrestrial,3.73
NA,NA,NA,NA,Sparganium,dha,Terrestrial,0
NA,NA,NA,NA,Sparganium,epa,Terrestrial,0
NA,NA,NA,NA,Spermothamnion,ala,Marine,1.2
NA,NA,NA,NA,Spermothamnion,dha,Marine,0
NA,NA,NA,NA,Spermothamnion,epa,Marine,17.3
NA,NA,NA,NA,Sphaerotrichia,ala,Marine,8.3
NA,NA,NA,NA,Sphaerotrichia,dha,Marine,0
NA,NA,NA,NA,Sphaerotrichia,epa,Marine,12.5
NA,NA,NA,NA,Stachys,ala,Terrestrial,12.17
NA,NA,NA,NA,Stachys,dha,Terrestrial,0
NA,NA,NA,NA,Stachys,epa,Terrestrial,0
NA,NA,NA,NA,Stellaria,ala,Terrestrial,15.05
NA,NA,NA,NA,Stellaria,dha,Terrestrial,0
NA,NA,NA,NA,Stellaria,epa,Terrestrial,0
NA,NA,NA,NA,Synechococcus,ala,Freshwater,0
NA,NA,NA,NA,Synechococcus,dha,Freshwater,0
NA,NA,NA,NA,Synechococcus,epa,Freshwater,0
NA,NA,NA,NA,Syngonium,ala,Terrestrial,13.22
NA,NA,NA,NA,Syngonium,dha,Terrestrial,0
NA,NA,NA,NA,Syngonium,epa,Terrestrial,0
NA,NA,NA,NA,Taiwania,ala,Terrestrial,38.4
NA,NA,NA,NA,Taiwania,dha,Terrestrial,0
NA,NA,NA,NA,Taiwania,epa,Terrestrial,0
NA,NA,NA,NA,Takayama,ala,Marine,3.05
NA,NA,NA,NA,Takayama,dha,Marine,23
NA,NA,NA,NA,Takayama,epa,Marine,1.5
NA,NA,NA,NA,Thuja,ala,Terrestrial,28.53
NA,NA,NA,NA,Thuja,dha,Terrestrial,0
NA,NA,NA,NA,Thuja,epa,Terrestrial,0
NA,NA,NA,NA,Thujopsis,ala,Terrestrial,29
NA,NA,NA,NA,Thujopsis,dha,Terrestrial,0
NA,NA,NA,NA,Thujopsis,epa,Terrestrial,0
NA,NA,NA,NA,Triglochin,ala,Terrestrial,5.67
NA,NA,NA,NA,Triglochin,dha,Terrestrial,0
NA,NA,NA,NA,Triglochin,epa,Terrestrial,0
NA,NA,NA,NA,Typha,ala,Terrestrial,8.366666667
NA,NA,NA,NA,Typha,dha,Terrestrial,0
NA,NA,NA,NA,Typha,epa,Terrestrial,0
NA,NA,NA,NA,Undaria,ala,Marine,8.678333333
NA,NA,NA,NA,Undaria,dha,Marine,0
NA,NA,NA,NA,Undaria,epa,Marine,11.13833333
NA,NA,NA,NA,Unidentified,ala,Marine,3.257142857
NA,NA,NA,NA,Unidentified,dha,Marine,3.2
NA,NA,NA,NA,Unidentified,epa,Marine,14.1
NA,NA,NA,NA,Urtica,ala,Terrestrial,30.85
NA,NA,NA,NA,Urtica,dha,Terrestrial,0
NA,NA,NA,NA,Urtica,epa,Terrestrial,0
NA,NA,NA,NA,Vaccinium,ala,Terrestrial,28.76
NA,NA,NA,NA,Vaccinium,dha,Terrestrial,0
NA,NA,NA,NA,Vaccinium,epa,Terrestrial,0
NA,NA,NA,NA,Vigna,ala,Terrestrial,35.35
NA,NA,NA,NA,Vigna,dha,Terrestrial,0
NA,NA,NA,NA,Vigna,epa,Terrestrial,0
NA,NA,NA,NA,Viola,ala,Terrestrial,31.19
NA,NA,NA,NA,Viola,dha,Terrestrial,0
NA,NA,NA,NA,Viola,epa,Terrestrial,0
NA,NA,NA,NA,Widdringtonia,ala,Terrestrial,33
NA,NA,NA,NA,Widdringtonia,dha,Terrestrial,0
NA,NA,NA,NA,Widdringtonia,epa,Terrestrial,0
NA,NA,NA,NA,Zea,ala,Terrestrial,1.16
NA,NA,NA,NA,Zea,dha,Terrestrial,0
NA,NA,NA,NA,Zea,epa,Terrestrial,0